2026-02-13 00:36:15 INFO  com.ess.mongoexp.App - Inside Main Method
2026-02-13 00:36:15 INFO  com.ess.mongoexp.App - Before Calling : ConfigLoader.load
2026-02-13 00:36:15 INFO  com.ess.mongoexp.App - Inside Method : ConfigLoader.load
2026-02-13 00:36:15 INFO  com.ess.mongoexp.App - Inside Method : ConfigLoader.getConfigFile
2026-02-13 00:36:15 INFO  com.ess.mongoexp.App - Using config file: %s
2026-02-13 00:36:15 INFO  com.ess.mongoexp.App - D:\Kaustubh\Grafana\MongoDB_V5\mongo_exporter\config.yaml
2026-02-13 00:36:15 INFO  com.ess.mongoexp.App - Exiting Method : ConfigLoader.getConfigFile 1 
2026-02-13 00:36:15 INFO  com.ess.mongoexp.App - Exiting Method : ConfigLoader.load : Return Object
2026-02-13 00:36:15 INFO  com.ess.mongoexp.App - After Calling : ConfigLoader.load
2026-02-13 00:36:15 INFO  com.ess.mongoexp.App - Mongodb URL: null
2026-02-13 00:36:15 INFO  com.ess.mongoexp.App - Mongodb Database: test
2026-02-13 00:36:15 INFO  org.mongodb.driver.client - You appear to be connected to a DocumentDB cluster. For more information regarding feature compatibility and support please visit https://www.mongodb.com/supportability/documentdb
2026-02-13 00:36:16 DEBUG org.mongodb.driver.cluster - Starting monitoring for topology with ID ClusterId{value='698e24a7be4cbcf8f1740c4d', description='null'}
2026-02-13 00:36:16 INFO  org.mongodb.driver.cluster - Adding discovered server docdb-2026-01-06-06-21-53.cfocyuk6aet4.ap-south-1.docdb.amazonaws.com:27017 to client view of cluster
2026-02-13 00:36:16 DEBUG org.mongodb.driver.connection - Connection pool created for docdb-2026-01-06-06-21-53.cfocyuk6aet4.ap-south-1.docdb.amazonaws.com:27017 using options maxIdleTimeMS=0, minPoolSize=0, maxPoolSize=100, maxConnecting=2, waitQueueTimeoutMS=120000
2026-02-13 00:36:16 DEBUG org.mongodb.driver.cluster - Starting monitoring for server docdb-2026-01-06-06-21-53.cfocyuk6aet4.ap-south-1.docdb.amazonaws.com:27017 in topology with ID ClusterId{value='698e24a7be4cbcf8f1740c4d', description='null'}
2026-02-13 00:36:16 DEBUG org.mongodb.driver.cluster - Checking status of docdb-2026-01-06-06-21-53.cfocyuk6aet4.ap-south-1.docdb.amazonaws.com:27017
2026-02-13 00:36:16 DEBUG org.mongodb.driver.cluster - Updating cluster description to  {type=REPLICA_SET, servers=[{address=docdb-2026-01-06-06-21-53.cfocyuk6aet4.ap-south-1.docdb.amazonaws.com:27017, type=UNKNOWN, state=CONNECTING}]
2026-02-13 00:36:16 DEBUG org.mongodb.driver.cluster - Description changed for topology with ID ClusterId{value='698e24a7be4cbcf8f1740c4d', description='null'}. Previous description: {type=UNKNOWN, servers=[]. New description: {type=REPLICA_SET, servers=[{address=docdb-2026-01-06-06-21-53.cfocyuk6aet4.ap-south-1.docdb.amazonaws.com:27017, type=UNKNOWN, state=CONNECTING}]
2026-02-13 00:36:16 DEBUG org.mongodb.driver.cluster - Heartbeat started for docdb-2026-01-06-06-21-53.cfocyuk6aet4.ap-south-1.docdb.amazonaws.com:27017 on connection with driver-generated ID 1 and server-generated ID null in topology with ID ClusterId{value='698e24a7be4cbcf8f1740c4d', description='null'}. Awaited: false
2026-02-13 00:36:16 INFO  org.mongodb.driver.client - MongoClient with metadata {"driver": {"name": "mongo-java-driver|sync", "version": "5.6.2"}, "os": {"type": "Windows", "name": "Windows 11", "architecture": "amd64", "version": "10.0"}, "platform": "Java/Oracle Corporation/11.0.29+8-LTS-387"} created with settings MongoClientSettings{readPreference=ReadPreference{name=secondaryPreferred, hedgeOptions=null}, writeConcern=WriteConcern{w=null, wTimeout=null ms, journal=null}, retryWrites=true, retryReads=true, readConcern=ReadConcern{level=null}, credential=MongoCredential{mechanism=null, userName='grafanaro', source='sample-database', password=<hidden>, mechanismProperties=<hidden>}, transportSettings=null, commandListeners=[], codecRegistry=ProvidersCodecRegistry{codecProviders=[ValueCodecProvider{}, BsonValueCodecProvider{}, DBRefCodecProvider{}, DBObjectCodecProvider{}, DocumentCodecProvider{}, CollectionCodecProvider{}, IterableCodecProvider{}, MapCodecProvider{}, GeoJsonCodecProvider{}, GridFSFileCodecProvider{}, Jsr310CodecProvider{}, JsonObjectCodecProvider{}, BsonCodecProvider{}, com.mongodb.client.model.mql.ExpressionCodecProvider@3ecd267f, com.mongodb.Jep395RecordCodecProvider@58ffcbd7, com.mongodb.KotlinCodecProvider@555cf22, EnumCodecProvider{}]}, loggerSettings=LoggerSettings{maxDocumentLength=1000}, clusterSettings={hosts=[docdb-2026-01-06-06-21-53.cfocyuk6aet4.ap-south-1.docdb.amazonaws.com:27017], srvServiceName=mongodb, mode=MULTIPLE, requiredClusterType=REPLICA_SET, requiredReplicaSetName='rs0', serverSelector='null', clusterListeners='[]', serverSelectionTimeout='30000 ms', localThreshold='15 ms'}, socketSettings=SocketSettings{connectTimeoutMS=10000, readTimeoutMS=0, receiveBufferSize=0, proxySettings=ProxySettings{host=null, port=null, username=null, password=null}}, heartbeatSocketSettings=SocketSettings{connectTimeoutMS=10000, readTimeoutMS=10000, receiveBufferSize=0, proxySettings=ProxySettings{host=null, port=null, username=null, password=null}}, connectionPoolSettings=ConnectionPoolSettings{maxSize=100, minSize=0, maxWaitTimeMS=120000, maxConnectionLifeTimeMS=0, maxConnectionIdleTimeMS=0, maintenanceInitialDelayMS=0, maintenanceFrequencyMS=60000, connectionPoolListeners=[], maxConnecting=2}, serverSettings=ServerSettings{heartbeatFrequencyMS=10000, minHeartbeatFrequencyMS=500, serverMonitoringMode=AUTO, serverListeners='[]', serverMonitorListeners='[]'}, sslSettings=SslSettings{enabled=true, invalidHostNameAllowed=false, context=null}, applicationName='null', compressorList=[], uuidRepresentation=UNSPECIFIED, serverApi=null, autoEncryptionSettings=null, dnsClient=null, inetAddressResolver=null, contextProvider=null, timeoutMS=null}
2026-02-13 00:36:16 INFO  com.ess.mongoexp.App - Mitric Nameusers_count_gt_32
2026-02-13 00:36:16 ERROR com.ess.mongoexp.App - Exiting Method : ConfigLoader.load 2 : [Ljava.lang.StackTraceElement;@5c3b6c6e
2026-02-13 00:36:16 ERROR com.ess.mongoexp.App - Line 1, Column 32: '[' expected instead of '.'
2026-02-13 00:36:16 INFO  com.ess.mongoexp.App - Mitric Key : oneHourAgo
2026-02-13 00:36:16 INFO  com.ess.mongoexp.App - Mitric Value : new java.text.SimpleDateFormat.("yyyy-MM-dd'T'HH:mm:ss'Z'").format(new java.util.Date((System.currentTimeMillis() - (3600000 + 19800000)))
2026-02-13 00:36:16 INFO  com.ess.mongoexp.App - Mitric TempValue : null
2026-02-13 00:36:16 INFO  com.ess.mongoexp.App - Mitric metric.query 1 : [
  {
    $match: {
      createdAt: { 
        $gte: ISODate("{{oneHourAgo}}") 
      }
    }
  },
  {
    $count: "total"
  }
]

2026-02-13 00:36:16 ERROR com.ess.mongoexp.App - A critical issue: [Ljava.lang.StackTraceElement;@4fbda97b
2026-02-13 00:36:16 INFO  com.ess.mongoexp.App - Exiting Main Method
2026-02-13 00:55:08 INFO  com.ess.mongoexp.App - Inside Main Method
2026-02-13 00:55:08 INFO  com.ess.mongoexp.App - Before Calling : ConfigLoader.load
2026-02-13 00:55:08 INFO  com.ess.mongoexp.App - Inside Method : ConfigLoader.load
2026-02-13 00:55:08 INFO  com.ess.mongoexp.App - Inside Method : ConfigLoader.getConfigFile
2026-02-13 00:55:08 INFO  com.ess.mongoexp.App - Using config file: %s
2026-02-13 00:55:08 INFO  com.ess.mongoexp.App - D:\Kaustubh\Grafana\MongoDB_V5\mongo_exporter\config.yaml
2026-02-13 00:55:08 INFO  com.ess.mongoexp.App - Exiting Method : ConfigLoader.getConfigFile 1 
2026-02-13 00:55:08 INFO  com.ess.mongoexp.App - Exiting Method : ConfigLoader.load : Return Object
2026-02-13 00:55:09 INFO  com.ess.mongoexp.App - After Calling : ConfigLoader.load
2026-02-13 00:55:09 INFO  com.ess.mongoexp.App - Mongodb URL: null
2026-02-13 00:55:09 INFO  com.ess.mongoexp.App - Mongodb Database: test
2026-02-13 00:55:09 INFO  org.mongodb.driver.client - You appear to be connected to a DocumentDB cluster. For more information regarding feature compatibility and support please visit https://www.mongodb.com/supportability/documentdb
2026-02-13 00:55:09 DEBUG org.mongodb.driver.cluster - Starting monitoring for topology with ID ClusterId{value='698e291531c35d4acfc65b22', description='null'}
2026-02-13 00:55:09 INFO  org.mongodb.driver.cluster - Adding discovered server docdb-2026-01-06-06-21-53.cfocyuk6aet4.ap-south-1.docdb.amazonaws.com:27017 to client view of cluster
2026-02-13 00:55:09 DEBUG org.mongodb.driver.connection - Connection pool created for docdb-2026-01-06-06-21-53.cfocyuk6aet4.ap-south-1.docdb.amazonaws.com:27017 using options maxIdleTimeMS=0, minPoolSize=0, maxPoolSize=100, maxConnecting=2, waitQueueTimeoutMS=120000
2026-02-13 00:55:09 DEBUG org.mongodb.driver.cluster - Starting monitoring for server docdb-2026-01-06-06-21-53.cfocyuk6aet4.ap-south-1.docdb.amazonaws.com:27017 in topology with ID ClusterId{value='698e291531c35d4acfc65b22', description='null'}
2026-02-13 00:55:09 DEBUG org.mongodb.driver.cluster - Checking status of docdb-2026-01-06-06-21-53.cfocyuk6aet4.ap-south-1.docdb.amazonaws.com:27017
2026-02-13 00:55:09 DEBUG org.mongodb.driver.cluster - Updating cluster description to  {type=REPLICA_SET, servers=[{address=docdb-2026-01-06-06-21-53.cfocyuk6aet4.ap-south-1.docdb.amazonaws.com:27017, type=UNKNOWN, state=CONNECTING}]
2026-02-13 00:55:09 DEBUG org.mongodb.driver.cluster - Description changed for topology with ID ClusterId{value='698e291531c35d4acfc65b22', description='null'}. Previous description: {type=UNKNOWN, servers=[]. New description: {type=REPLICA_SET, servers=[{address=docdb-2026-01-06-06-21-53.cfocyuk6aet4.ap-south-1.docdb.amazonaws.com:27017, type=UNKNOWN, state=CONNECTING}]
2026-02-13 00:55:09 DEBUG org.mongodb.driver.cluster - Heartbeat started for docdb-2026-01-06-06-21-53.cfocyuk6aet4.ap-south-1.docdb.amazonaws.com:27017 on connection with driver-generated ID 1 and server-generated ID null in topology with ID ClusterId{value='698e291531c35d4acfc65b22', description='null'}. Awaited: false
2026-02-13 00:55:09 INFO  org.mongodb.driver.client - MongoClient with metadata {"driver": {"name": "mongo-java-driver|sync", "version": "5.6.2"}, "os": {"type": "Windows", "name": "Windows 11", "architecture": "amd64", "version": "10.0"}, "platform": "Java/Oracle Corporation/11.0.29+8-LTS-387"} created with settings MongoClientSettings{readPreference=ReadPreference{name=secondaryPreferred, hedgeOptions=null}, writeConcern=WriteConcern{w=null, wTimeout=null ms, journal=null}, retryWrites=true, retryReads=true, readConcern=ReadConcern{level=null}, credential=MongoCredential{mechanism=null, userName='grafanaro', source='sample-database', password=<hidden>, mechanismProperties=<hidden>}, transportSettings=null, commandListeners=[], codecRegistry=ProvidersCodecRegistry{codecProviders=[ValueCodecProvider{}, BsonValueCodecProvider{}, DBRefCodecProvider{}, DBObjectCodecProvider{}, DocumentCodecProvider{}, CollectionCodecProvider{}, IterableCodecProvider{}, MapCodecProvider{}, GeoJsonCodecProvider{}, GridFSFileCodecProvider{}, Jsr310CodecProvider{}, JsonObjectCodecProvider{}, BsonCodecProvider{}, com.mongodb.client.model.mql.ExpressionCodecProvider@3ecd267f, com.mongodb.Jep395RecordCodecProvider@58ffcbd7, com.mongodb.KotlinCodecProvider@555cf22, EnumCodecProvider{}]}, loggerSettings=LoggerSettings{maxDocumentLength=1000}, clusterSettings={hosts=[docdb-2026-01-06-06-21-53.cfocyuk6aet4.ap-south-1.docdb.amazonaws.com:27017], srvServiceName=mongodb, mode=MULTIPLE, requiredClusterType=REPLICA_SET, requiredReplicaSetName='rs0', serverSelector='null', clusterListeners='[]', serverSelectionTimeout='30000 ms', localThreshold='15 ms'}, socketSettings=SocketSettings{connectTimeoutMS=10000, readTimeoutMS=0, receiveBufferSize=0, proxySettings=ProxySettings{host=null, port=null, username=null, password=null}}, heartbeatSocketSettings=SocketSettings{connectTimeoutMS=10000, readTimeoutMS=10000, receiveBufferSize=0, proxySettings=ProxySettings{host=null, port=null, username=null, password=null}}, connectionPoolSettings=ConnectionPoolSettings{maxSize=100, minSize=0, maxWaitTimeMS=120000, maxConnectionLifeTimeMS=0, maxConnectionIdleTimeMS=0, maintenanceInitialDelayMS=0, maintenanceFrequencyMS=60000, connectionPoolListeners=[], maxConnecting=2}, serverSettings=ServerSettings{heartbeatFrequencyMS=10000, minHeartbeatFrequencyMS=500, serverMonitoringMode=AUTO, serverListeners='[]', serverMonitorListeners='[]'}, sslSettings=SslSettings{enabled=true, invalidHostNameAllowed=false, context=null}, applicationName='null', compressorList=[], uuidRepresentation=UNSPECIFIED, serverApi=null, autoEncryptionSettings=null, dnsClient=null, inetAddressResolver=null, contextProvider=null, timeoutMS=null}
2026-02-13 00:55:09 INFO  com.ess.mongoexp.App - Mitric Nameusers_count_gt_32
2026-02-13 00:55:09 ERROR com.ess.mongoexp.App - Exiting Method : ConfigLoader.load 2 : [Ljava.lang.StackTraceElement;@5c3b6c6e
2026-02-13 00:55:09 ERROR com.ess.mongoexp.App - Line 1, Column 32: '[' expected instead of '.'
2026-02-13 00:55:09 INFO  com.ess.mongoexp.App - Mitric Key : oneHourAgo
2026-02-13 00:55:09 INFO  com.ess.mongoexp.App - Mitric Value : new java.text.SimpleDateFormat.("yyyy-MM-dd'T'HH:mm:ss'Z'").format(new java.util.Date((System.currentTimeMillis() - (3600000 + 19800000)))
2026-02-13 00:55:09 INFO  com.ess.mongoexp.App - Mitric TempValue : null
2026-02-13 00:55:09 INFO  com.ess.mongoexp.App - Mitric metric.query 1 : [
  {
    $match: {
      createdAt: { 
        $gte: ISODate("{{oneHourAgo}}") 
      }
    }
  },
  {
    $count: "total"
  }
]

2026-02-13 00:55:09 ERROR com.ess.mongoexp.App - A critical issue: [Ljava.lang.StackTraceElement;@4fbda97b
2026-02-13 00:55:09 INFO  com.ess.mongoexp.App - Exiting Main Method
2026-02-13 00:59:11 INFO  com.ess.mongoexp.App - Inside Main Method
2026-02-13 00:59:11 INFO  com.ess.mongoexp.App - Before Calling : ConfigLoader.load
2026-02-13 00:59:11 INFO  com.ess.mongoexp.App - Inside Method : ConfigLoader.load
2026-02-13 00:59:11 INFO  com.ess.mongoexp.App - Inside Method : ConfigLoader.getConfigFile
2026-02-13 00:59:11 INFO  com.ess.mongoexp.App - Using config file: %s
2026-02-13 00:59:11 INFO  com.ess.mongoexp.App - D:\Kaustubh\Grafana\MongoDB_V5\mongo_exporter\config.yaml
2026-02-13 00:59:11 INFO  com.ess.mongoexp.App - Exiting Method : ConfigLoader.getConfigFile 1 
2026-02-13 00:59:11 INFO  com.ess.mongoexp.App - Exiting Method : ConfigLoader.load : Return Object
2026-02-13 00:59:11 INFO  com.ess.mongoexp.App - After Calling : ConfigLoader.load
2026-02-13 00:59:11 INFO  com.ess.mongoexp.App - Mongodb URL: null
2026-02-13 00:59:11 INFO  com.ess.mongoexp.App - Mongodb Database: test
2026-02-13 00:59:11 INFO  org.mongodb.driver.client - You appear to be connected to a DocumentDB cluster. For more information regarding feature compatibility and support please visit https://www.mongodb.com/supportability/documentdb
2026-02-13 00:59:12 DEBUG org.mongodb.driver.cluster - Starting monitoring for topology with ID ClusterId{value='698e2a0841cef8246b179470', description='null'}
2026-02-13 00:59:12 INFO  org.mongodb.driver.cluster - Adding discovered server docdb-2026-01-06-06-21-53.cfocyuk6aet4.ap-south-1.docdb.amazonaws.com:27017 to client view of cluster
2026-02-13 00:59:12 DEBUG org.mongodb.driver.connection - Connection pool created for docdb-2026-01-06-06-21-53.cfocyuk6aet4.ap-south-1.docdb.amazonaws.com:27017 using options maxIdleTimeMS=0, minPoolSize=0, maxPoolSize=100, maxConnecting=2, waitQueueTimeoutMS=120000
2026-02-13 00:59:12 DEBUG org.mongodb.driver.cluster - Starting monitoring for server docdb-2026-01-06-06-21-53.cfocyuk6aet4.ap-south-1.docdb.amazonaws.com:27017 in topology with ID ClusterId{value='698e2a0841cef8246b179470', description='null'}
2026-02-13 00:59:12 DEBUG org.mongodb.driver.cluster - Updating cluster description to  {type=REPLICA_SET, servers=[{address=docdb-2026-01-06-06-21-53.cfocyuk6aet4.ap-south-1.docdb.amazonaws.com:27017, type=UNKNOWN, state=CONNECTING}]
2026-02-13 00:59:12 DEBUG org.mongodb.driver.cluster - Description changed for topology with ID ClusterId{value='698e2a0841cef8246b179470', description='null'}. Previous description: {type=UNKNOWN, servers=[]. New description: {type=REPLICA_SET, servers=[{address=docdb-2026-01-06-06-21-53.cfocyuk6aet4.ap-south-1.docdb.amazonaws.com:27017, type=UNKNOWN, state=CONNECTING}]
2026-02-13 00:59:12 DEBUG org.mongodb.driver.cluster - Checking status of docdb-2026-01-06-06-21-53.cfocyuk6aet4.ap-south-1.docdb.amazonaws.com:27017
2026-02-13 00:59:12 DEBUG org.mongodb.driver.cluster - Heartbeat started for docdb-2026-01-06-06-21-53.cfocyuk6aet4.ap-south-1.docdb.amazonaws.com:27017 on connection with driver-generated ID 1 and server-generated ID null in topology with ID ClusterId{value='698e2a0841cef8246b179470', description='null'}. Awaited: false
2026-02-13 00:59:12 INFO  org.mongodb.driver.client - MongoClient with metadata {"driver": {"name": "mongo-java-driver|sync", "version": "5.6.2"}, "os": {"type": "Windows", "name": "Windows 11", "architecture": "amd64", "version": "10.0"}, "platform": "Java/Oracle Corporation/11.0.29+8-LTS-387"} created with settings MongoClientSettings{readPreference=ReadPreference{name=secondaryPreferred, hedgeOptions=null}, writeConcern=WriteConcern{w=null, wTimeout=null ms, journal=null}, retryWrites=true, retryReads=true, readConcern=ReadConcern{level=null}, credential=MongoCredential{mechanism=null, userName='grafanaro', source='sample-database', password=<hidden>, mechanismProperties=<hidden>}, transportSettings=null, commandListeners=[], codecRegistry=ProvidersCodecRegistry{codecProviders=[ValueCodecProvider{}, BsonValueCodecProvider{}, DBRefCodecProvider{}, DBObjectCodecProvider{}, DocumentCodecProvider{}, CollectionCodecProvider{}, IterableCodecProvider{}, MapCodecProvider{}, GeoJsonCodecProvider{}, GridFSFileCodecProvider{}, Jsr310CodecProvider{}, JsonObjectCodecProvider{}, BsonCodecProvider{}, com.mongodb.client.model.mql.ExpressionCodecProvider@3ecd267f, com.mongodb.Jep395RecordCodecProvider@58ffcbd7, com.mongodb.KotlinCodecProvider@555cf22, EnumCodecProvider{}]}, loggerSettings=LoggerSettings{maxDocumentLength=1000}, clusterSettings={hosts=[docdb-2026-01-06-06-21-53.cfocyuk6aet4.ap-south-1.docdb.amazonaws.com:27017], srvServiceName=mongodb, mode=MULTIPLE, requiredClusterType=REPLICA_SET, requiredReplicaSetName='rs0', serverSelector='null', clusterListeners='[]', serverSelectionTimeout='30000 ms', localThreshold='15 ms'}, socketSettings=SocketSettings{connectTimeoutMS=10000, readTimeoutMS=0, receiveBufferSize=0, proxySettings=ProxySettings{host=null, port=null, username=null, password=null}}, heartbeatSocketSettings=SocketSettings{connectTimeoutMS=10000, readTimeoutMS=10000, receiveBufferSize=0, proxySettings=ProxySettings{host=null, port=null, username=null, password=null}}, connectionPoolSettings=ConnectionPoolSettings{maxSize=100, minSize=0, maxWaitTimeMS=120000, maxConnectionLifeTimeMS=0, maxConnectionIdleTimeMS=0, maintenanceInitialDelayMS=0, maintenanceFrequencyMS=60000, connectionPoolListeners=[], maxConnecting=2}, serverSettings=ServerSettings{heartbeatFrequencyMS=10000, minHeartbeatFrequencyMS=500, serverMonitoringMode=AUTO, serverListeners='[]', serverMonitorListeners='[]'}, sslSettings=SslSettings{enabled=true, invalidHostNameAllowed=false, context=null}, applicationName='null', compressorList=[], uuidRepresentation=UNSPECIFIED, serverApi=null, autoEncryptionSettings=null, dnsClient=null, inetAddressResolver=null, contextProvider=null, timeoutMS=null}
2026-02-13 00:59:12 INFO  com.ess.mongoexp.App - Mitric Nameusers_count_gt_32
2026-02-13 00:59:12 DEBUG org.mongodb.driver.cluster - Heartbeat failed in 255 ms for docdb-2026-01-06-06-21-53.cfocyuk6aet4.ap-south-1.docdb.amazonaws.com:27017 on connection with driver-generated ID 1 and server-generated ID null in topology with ID ClusterId{value='698e2a0841cef8246b179470', description='null'}. Awaited: false. Failure: Unable to create default SSLContext
2026-02-13 00:59:12 INFO  org.mongodb.driver.cluster - Exception in monitor thread while connecting to server docdb-2026-01-06-06-21-53.cfocyuk6aet4.ap-south-1.docdb.amazonaws.com:27017
com.mongodb.MongoClientException: Unable to create default SSLContext
	at com.mongodb.internal.connection.SocketStreamFactory.getSslContext(SocketStreamFactory.java:80)
	at com.mongodb.internal.connection.SocketStreamFactory.create(SocketStreamFactory.java:66)
	at com.mongodb.internal.connection.InternalStreamConnection.open(InternalStreamConnection.java:228)
	at com.mongodb.internal.connection.DefaultServerMonitor$ServerMonitor.setupNewConnectionAndGetInitialDescription(DefaultServerMonitor.java:282)
	at com.mongodb.internal.connection.DefaultServerMonitor$ServerMonitor.lookupServerDescription(DefaultServerMonitor.java:253)
	at com.mongodb.internal.connection.DefaultServerMonitor$ServerMonitor.run(DefaultServerMonitor.java:203)
Caused by: java.security.NoSuchAlgorithmException: Error constructing implementation (algorithm: Default, provider: SunJSSE, class: sun.security.ssl.SSLContextImpl$DefaultSSLContext)
	at java.base/java.security.Provider$Service.newInstance(Provider.java:1933)
	at java.base/sun.security.jca.GetInstance.getInstance(GetInstance.java:236)
	at java.base/sun.security.jca.GetInstance.getInstance(GetInstance.java:164)
	at java.base/javax.net.ssl.SSLContext.getInstance(SSLContext.java:168)
	at java.base/javax.net.ssl.SSLContext.getDefault(SSLContext.java:99)
	at com.mongodb.internal.connection.SocketStreamFactory.getSslContext(SocketStreamFactory.java:78)
	... 5 common frames omitted
Caused by: java.security.KeyStoreException: problem accessing trust store
	at java.base/sun.security.ssl.TrustManagerFactoryImpl.engineInit(TrustManagerFactoryImpl.java:73)
	at java.base/javax.net.ssl.TrustManagerFactory.init(TrustManagerFactory.java:278)
	at java.base/sun.security.ssl.SSLContextImpl$DefaultManagersHolder.getTrustManagers(SSLContextImpl.java:1044)
	at java.base/sun.security.ssl.SSLContextImpl$DefaultManagersHolder.<clinit>(SSLContextImpl.java:1014)
	at java.base/sun.security.ssl.SSLContextImpl$DefaultSSLContext.<init>(SSLContextImpl.java:1189)
	at java.base/jdk.internal.reflect.NativeConstructorAccessorImpl.newInstance0(Native Method)
	at java.base/jdk.internal.reflect.NativeConstructorAccessorImpl.newInstance(NativeConstructorAccessorImpl.java:62)
	at java.base/jdk.internal.reflect.DelegatingConstructorAccessorImpl.newInstance(DelegatingConstructorAccessorImpl.java:45)
	at java.base/java.lang.reflect.Constructor.newInstance(Constructor.java:490)
	at java.base/java.security.Provider.newInstanceUtil(Provider.java:156)
	at java.base/java.security.Provider$Service.newInstance(Provider.java:1926)
	... 10 common frames omitted
Caused by: java.io.IOException: Keystore was tampered with, or password was incorrect
	at java.base/sun.security.provider.JavaKeyStore.engineLoad(JavaKeyStore.java:795)
	at java.base/sun.security.util.KeyStoreDelegator.engineLoad(KeyStoreDelegator.java:243)
	at java.base/java.security.KeyStore.load(KeyStore.java:1479)
	at java.base/sun.security.ssl.TrustStoreManager$TrustAnchorManager.loadKeyStore(TrustStoreManager.java:365)
	at java.base/sun.security.ssl.TrustStoreManager$TrustAnchorManager.getTrustedCerts(TrustStoreManager.java:313)
	at java.base/sun.security.ssl.TrustStoreManager.getTrustedCerts(TrustStoreManager.java:55)
	at java.base/sun.security.ssl.TrustManagerFactoryImpl.engineInit(TrustManagerFactoryImpl.java:49)
	... 20 common frames omitted
Caused by: java.security.UnrecoverableKeyException: Password verification failed
	at java.base/sun.security.provider.JavaKeyStore.engineLoad(JavaKeyStore.java:793)
	... 26 common frames omitted
2026-02-13 00:59:12 DEBUG org.mongodb.driver.cluster - Updating cluster description to  {type=REPLICA_SET, servers=[{address=docdb-2026-01-06-06-21-53.cfocyuk6aet4.ap-south-1.docdb.amazonaws.com:27017, type=UNKNOWN, state=CONNECTING, exception={com.mongodb.MongoClientException: Unable to create default SSLContext}, caused by {java.security.NoSuchAlgorithmException: Error constructing implementation (algorithm: Default, provider: SunJSSE, class: sun.security.ssl.SSLContextImpl$DefaultSSLContext)}, caused by {java.security.KeyStoreException: problem accessing trust store}, caused by {java.io.IOException: Keystore was tampered with, or password was incorrect}, caused by {java.security.UnrecoverableKeyException: Password verification failed}}]
2026-02-13 00:59:12 DEBUG org.mongodb.driver.cluster - Description changed for topology with ID ClusterId{value='698e2a0841cef8246b179470', description='null'}. Previous description: {type=REPLICA_SET, servers=[{address=docdb-2026-01-06-06-21-53.cfocyuk6aet4.ap-south-1.docdb.amazonaws.com:27017, type=UNKNOWN, state=CONNECTING}]. New description: {type=REPLICA_SET, servers=[{address=docdb-2026-01-06-06-21-53.cfocyuk6aet4.ap-south-1.docdb.amazonaws.com:27017, type=UNKNOWN, state=CONNECTING, exception={com.mongodb.MongoClientException: Unable to create default SSLContext}, caused by {java.security.NoSuchAlgorithmException: Error constructing implementation (algorithm: Default, provider: SunJSSE, class: sun.security.ssl.SSLContextImpl$DefaultSSLContext)}, caused by {java.security.KeyStoreException: problem accessing trust store}, caused by {java.io.IOException: Keystore was tampered with, or password was incorrect}, caused by {java.security.UnrecoverableKeyException: Password verification failed}}]
2026-02-13 00:59:12 INFO  com.ess.mongoexp.App - Mitric Key : oneHourAgo
2026-02-13 00:59:12 INFO  com.ess.mongoexp.App - Mitric Value : new java.text.SimpleDateFormat("yyyy-MM-dd'T'HH:mm:ss'Z'").format(new java.util.Date(System.currentTimeMillis() - 3600000))
2026-02-13 00:59:12 INFO  com.ess.mongoexp.App - Mitric TempValue : 2026-02-12T23:59:12Z
2026-02-13 00:59:12 INFO  com.ess.mongoexp.App - Mitric metric.query 1 : [
  {
    $match: {
      createdAt: { 
        $gte: ISODate("{{oneHourAgo}}") 
      }
    }
  },
  {
    $count: "total"
  }
]

2026-02-13 00:59:12 INFO  com.ess.mongoexp.App - Mitric metric.query 2 : [
  {
    $match: {
      createdAt: { 
        $gte: ISODate("2026-02-12T23:59:12Z") 
      }
    }
  },
  {
    $count: "total"
  }
]

2026-02-13 00:59:12 INFO  com.ess.mongoexp.App - Mitric NameTotal_users_Tom_Cruise
2026-02-13 00:59:12 INFO  com.ess.mongoexp.App - Mitric Key : dummy
2026-02-13 00:59:12 INFO  com.ess.mongoexp.App - Mitric Value : 1+1
2026-02-13 00:59:12 INFO  com.ess.mongoexp.App - Mitric TempValue : 2
2026-02-13 00:59:12 INFO  com.ess.mongoexp.App - Mitric metric.query 1 : [
  {
    $match: {
      name: "Tom Cruise"
    }
  },
  {
    $count: "total"
  }
]

2026-02-13 00:59:12 INFO  com.ess.mongoexp.App - Mitric metric.query 2 : [
  {
    $match: {
      name: "Tom Cruise"
    }
  },
  {
    $count: "total"
  }
]

2026-02-13 00:59:12 INFO  com.ess.mongoexp.App - Mongo Prometheus Exporter running on /metrics
2026-02-13 00:59:22 DEBUG org.mongodb.driver.cluster - Checking status of docdb-2026-01-06-06-21-53.cfocyuk6aet4.ap-south-1.docdb.amazonaws.com:27017
2026-02-13 00:59:22 DEBUG org.mongodb.driver.cluster - Heartbeat started for docdb-2026-01-06-06-21-53.cfocyuk6aet4.ap-south-1.docdb.amazonaws.com:27017 on connection with driver-generated ID 2 and server-generated ID null in topology with ID ClusterId{value='698e2a0841cef8246b179470', description='null'}. Awaited: false
2026-02-13 00:59:22 DEBUG org.mongodb.driver.cluster - Heartbeat failed in 18 ms for docdb-2026-01-06-06-21-53.cfocyuk6aet4.ap-south-1.docdb.amazonaws.com:27017 on connection with driver-generated ID 2 and server-generated ID null in topology with ID ClusterId{value='698e2a0841cef8246b179470', description='null'}. Awaited: false. Failure: Unable to create default SSLContext
2026-02-13 00:59:22 DEBUG org.mongodb.driver.cluster - Updating cluster description to  {type=REPLICA_SET, servers=[{address=docdb-2026-01-06-06-21-53.cfocyuk6aet4.ap-south-1.docdb.amazonaws.com:27017, type=UNKNOWN, state=CONNECTING, exception={com.mongodb.MongoClientException: Unable to create default SSLContext}, caused by {java.security.NoSuchAlgorithmException: Error constructing implementation (algorithm: Default, provider: SunJSSE, class: sun.security.ssl.SSLContextImpl$DefaultSSLContext)}, caused by {java.security.KeyStoreException: problem accessing trust store}, caused by {java.io.IOException: Keystore was tampered with, or password was incorrect}, caused by {java.security.UnrecoverableKeyException: Password verification failed}}]
2026-02-13 00:59:32 INFO  com.ess.mongoexp.App - Inside Callback for Metric: users_count_gt_32
2026-02-13 00:59:32 INFO  com.ess.mongoexp.App - metric.query = [
  {
    $match: {
      createdAt: { 
        $gte: ISODate("2026-02-12T23:59:12Z") 
      }
    }
  },
  {
    $count: "total"
  }
]

2026-02-13 00:59:32 DEBUG org.mongodb.driver.cluster - Server selection started for operation aggregate with ID 4. Selector: ReadPreferenceServerSelector{readPreference=ReadPreference{name=secondaryPreferred, hedgeOptions=null}}, topology description: {type=REPLICA_SET, servers=[{address=docdb-2026-01-06-06-21-53.cfocyuk6aet4.ap-south-1.docdb.amazonaws.com:27017, type=UNKNOWN, state=CONNECTING, exception={com.mongodb.MongoClientException: Unable to create default SSLContext}, caused by {java.security.NoSuchAlgorithmException: Error constructing implementation (algorithm: Default, provider: SunJSSE, class: sun.security.ssl.SSLContextImpl$DefaultSSLContext)}, caused by {java.security.KeyStoreException: problem accessing trust store}, caused by {java.io.IOException: Keystore was tampered with, or password was incorrect}, caused by {java.security.UnrecoverableKeyException: Password verification failed}}]
2026-02-13 00:59:32 INFO  org.mongodb.driver.cluster - Waiting for server to become available for operation aggregate with ID 4. Remaining time: 29971 ms. Selector: ReadPreferenceServerSelector{readPreference=ReadPreference{name=secondaryPreferred, hedgeOptions=null}}, topology description: {type=REPLICA_SET, servers=[{address=docdb-2026-01-06-06-21-53.cfocyuk6aet4.ap-south-1.docdb.amazonaws.com:27017, type=UNKNOWN, state=CONNECTING, exception={com.mongodb.MongoClientException: Unable to create default SSLContext}, caused by {java.security.NoSuchAlgorithmException: Error constructing implementation (algorithm: Default, provider: SunJSSE, class: sun.security.ssl.SSLContextImpl$DefaultSSLContext)}, caused by {java.security.KeyStoreException: problem accessing trust store}, caused by {java.io.IOException: Keystore was tampered with, or password was incorrect}, caused by {java.security.UnrecoverableKeyException: Password verification failed}}].
2026-02-13 00:59:32 DEBUG org.mongodb.driver.cluster - Checking status of docdb-2026-01-06-06-21-53.cfocyuk6aet4.ap-south-1.docdb.amazonaws.com:27017
2026-02-13 00:59:32 DEBUG org.mongodb.driver.cluster - Heartbeat started for docdb-2026-01-06-06-21-53.cfocyuk6aet4.ap-south-1.docdb.amazonaws.com:27017 on connection with driver-generated ID 3 and server-generated ID null in topology with ID ClusterId{value='698e2a0841cef8246b179470', description='null'}. Awaited: false
2026-02-13 00:59:32 DEBUG org.mongodb.driver.cluster - Heartbeat failed in 0 ms for docdb-2026-01-06-06-21-53.cfocyuk6aet4.ap-south-1.docdb.amazonaws.com:27017 on connection with driver-generated ID 3 and server-generated ID null in topology with ID ClusterId{value='698e2a0841cef8246b179470', description='null'}. Awaited: false. Failure: Unable to create default SSLContext
2026-02-13 00:59:32 DEBUG org.mongodb.driver.cluster - Updating cluster description to  {type=REPLICA_SET, servers=[{address=docdb-2026-01-06-06-21-53.cfocyuk6aet4.ap-south-1.docdb.amazonaws.com:27017, type=UNKNOWN, state=CONNECTING, exception={com.mongodb.MongoClientException: Unable to create default SSLContext}, caused by {java.security.NoSuchAlgorithmException: Error constructing implementation (algorithm: Default, provider: SunJSSE, class: sun.security.ssl.SSLContextImpl$DefaultSSLContext)}, caused by {java.security.KeyStoreException: problem accessing trust store}, caused by {java.io.IOException: Keystore was tampered with, or password was incorrect}, caused by {java.security.UnrecoverableKeyException: Password verification failed}}]
2026-02-13 00:59:32 DEBUG org.mongodb.driver.cluster - Checking status of docdb-2026-01-06-06-21-53.cfocyuk6aet4.ap-south-1.docdb.amazonaws.com:27017
2026-02-13 00:59:32 DEBUG org.mongodb.driver.cluster - Heartbeat started for docdb-2026-01-06-06-21-53.cfocyuk6aet4.ap-south-1.docdb.amazonaws.com:27017 on connection with driver-generated ID 4 and server-generated ID null in topology with ID ClusterId{value='698e2a0841cef8246b179470', description='null'}. Awaited: false
2026-02-13 00:59:32 DEBUG org.mongodb.driver.cluster - Heartbeat failed in 3 ms for docdb-2026-01-06-06-21-53.cfocyuk6aet4.ap-south-1.docdb.amazonaws.com:27017 on connection with driver-generated ID 4 and server-generated ID null in topology with ID ClusterId{value='698e2a0841cef8246b179470', description='null'}. Awaited: false. Failure: Unable to create default SSLContext
2026-02-13 00:59:32 DEBUG org.mongodb.driver.cluster - Updating cluster description to  {type=REPLICA_SET, servers=[{address=docdb-2026-01-06-06-21-53.cfocyuk6aet4.ap-south-1.docdb.amazonaws.com:27017, type=UNKNOWN, state=CONNECTING, exception={com.mongodb.MongoClientException: Unable to create default SSLContext}, caused by {java.security.NoSuchAlgorithmException: Error constructing implementation (algorithm: Default, provider: SunJSSE, class: sun.security.ssl.SSLContextImpl$DefaultSSLContext)}, caused by {java.security.KeyStoreException: problem accessing trust store}, caused by {java.io.IOException: Keystore was tampered with, or password was incorrect}, caused by {java.security.UnrecoverableKeyException: Password verification failed}}]
2026-02-13 00:59:33 DEBUG org.mongodb.driver.cluster - Checking status of docdb-2026-01-06-06-21-53.cfocyuk6aet4.ap-south-1.docdb.amazonaws.com:27017
2026-02-13 00:59:33 DEBUG org.mongodb.driver.cluster - Heartbeat started for docdb-2026-01-06-06-21-53.cfocyuk6aet4.ap-south-1.docdb.amazonaws.com:27017 on connection with driver-generated ID 5 and server-generated ID null in topology with ID ClusterId{value='698e2a0841cef8246b179470', description='null'}. Awaited: false
2026-02-13 00:59:33 DEBUG org.mongodb.driver.cluster - Heartbeat failed in 1 ms for docdb-2026-01-06-06-21-53.cfocyuk6aet4.ap-south-1.docdb.amazonaws.com:27017 on connection with driver-generated ID 5 and server-generated ID null in topology with ID ClusterId{value='698e2a0841cef8246b179470', description='null'}. Awaited: false. Failure: Unable to create default SSLContext
2026-02-13 00:59:33 DEBUG org.mongodb.driver.cluster - Updating cluster description to  {type=REPLICA_SET, servers=[{address=docdb-2026-01-06-06-21-53.cfocyuk6aet4.ap-south-1.docdb.amazonaws.com:27017, type=UNKNOWN, state=CONNECTING, exception={com.mongodb.MongoClientException: Unable to create default SSLContext}, caused by {java.security.NoSuchAlgorithmException: Error constructing implementation (algorithm: Default, provider: SunJSSE, class: sun.security.ssl.SSLContextImpl$DefaultSSLContext)}, caused by {java.security.KeyStoreException: problem accessing trust store}, caused by {java.io.IOException: Keystore was tampered with, or password was incorrect}, caused by {java.security.UnrecoverableKeyException: Password verification failed}}]
2026-02-13 00:59:33 DEBUG org.mongodb.driver.cluster - Checking status of docdb-2026-01-06-06-21-53.cfocyuk6aet4.ap-south-1.docdb.amazonaws.com:27017
2026-02-13 00:59:33 DEBUG org.mongodb.driver.cluster - Heartbeat started for docdb-2026-01-06-06-21-53.cfocyuk6aet4.ap-south-1.docdb.amazonaws.com:27017 on connection with driver-generated ID 6 and server-generated ID null in topology with ID ClusterId{value='698e2a0841cef8246b179470', description='null'}. Awaited: false
2026-02-13 00:59:33 DEBUG org.mongodb.driver.cluster - Heartbeat failed in 1 ms for docdb-2026-01-06-06-21-53.cfocyuk6aet4.ap-south-1.docdb.amazonaws.com:27017 on connection with driver-generated ID 6 and server-generated ID null in topology with ID ClusterId{value='698e2a0841cef8246b179470', description='null'}. Awaited: false. Failure: Unable to create default SSLContext
2026-02-13 00:59:33 DEBUG org.mongodb.driver.cluster - Updating cluster description to  {type=REPLICA_SET, servers=[{address=docdb-2026-01-06-06-21-53.cfocyuk6aet4.ap-south-1.docdb.amazonaws.com:27017, type=UNKNOWN, state=CONNECTING, exception={com.mongodb.MongoClientException: Unable to create default SSLContext}, caused by {java.security.NoSuchAlgorithmException: Error constructing implementation (algorithm: Default, provider: SunJSSE, class: sun.security.ssl.SSLContextImpl$DefaultSSLContext)}, caused by {java.security.KeyStoreException: problem accessing trust store}, caused by {java.io.IOException: Keystore was tampered with, or password was incorrect}, caused by {java.security.UnrecoverableKeyException: Password verification failed}}]
2026-02-13 00:59:34 DEBUG org.mongodb.driver.cluster - Checking status of docdb-2026-01-06-06-21-53.cfocyuk6aet4.ap-south-1.docdb.amazonaws.com:27017
2026-02-13 00:59:34 DEBUG org.mongodb.driver.cluster - Heartbeat started for docdb-2026-01-06-06-21-53.cfocyuk6aet4.ap-south-1.docdb.amazonaws.com:27017 on connection with driver-generated ID 7 and server-generated ID null in topology with ID ClusterId{value='698e2a0841cef8246b179470', description='null'}. Awaited: false
2026-02-13 00:59:34 DEBUG org.mongodb.driver.cluster - Heartbeat failed in 1 ms for docdb-2026-01-06-06-21-53.cfocyuk6aet4.ap-south-1.docdb.amazonaws.com:27017 on connection with driver-generated ID 7 and server-generated ID null in topology with ID ClusterId{value='698e2a0841cef8246b179470', description='null'}. Awaited: false. Failure: Unable to create default SSLContext
2026-02-13 00:59:34 DEBUG org.mongodb.driver.cluster - Updating cluster description to  {type=REPLICA_SET, servers=[{address=docdb-2026-01-06-06-21-53.cfocyuk6aet4.ap-south-1.docdb.amazonaws.com:27017, type=UNKNOWN, state=CONNECTING, exception={com.mongodb.MongoClientException: Unable to create default SSLContext}, caused by {java.security.NoSuchAlgorithmException: Error constructing implementation (algorithm: Default, provider: SunJSSE, class: sun.security.ssl.SSLContextImpl$DefaultSSLContext)}, caused by {java.security.KeyStoreException: problem accessing trust store}, caused by {java.io.IOException: Keystore was tampered with, or password was incorrect}, caused by {java.security.UnrecoverableKeyException: Password verification failed}}]
2026-02-13 00:59:35 DEBUG org.mongodb.driver.cluster - Checking status of docdb-2026-01-06-06-21-53.cfocyuk6aet4.ap-south-1.docdb.amazonaws.com:27017
2026-02-13 00:59:35 DEBUG org.mongodb.driver.cluster - Heartbeat started for docdb-2026-01-06-06-21-53.cfocyuk6aet4.ap-south-1.docdb.amazonaws.com:27017 on connection with driver-generated ID 8 and server-generated ID null in topology with ID ClusterId{value='698e2a0841cef8246b179470', description='null'}. Awaited: false
2026-02-13 00:59:35 DEBUG org.mongodb.driver.cluster - Heartbeat failed in 4 ms for docdb-2026-01-06-06-21-53.cfocyuk6aet4.ap-south-1.docdb.amazonaws.com:27017 on connection with driver-generated ID 8 and server-generated ID null in topology with ID ClusterId{value='698e2a0841cef8246b179470', description='null'}. Awaited: false. Failure: Unable to create default SSLContext
2026-02-13 00:59:35 DEBUG org.mongodb.driver.cluster - Updating cluster description to  {type=REPLICA_SET, servers=[{address=docdb-2026-01-06-06-21-53.cfocyuk6aet4.ap-south-1.docdb.amazonaws.com:27017, type=UNKNOWN, state=CONNECTING, exception={com.mongodb.MongoClientException: Unable to create default SSLContext}, caused by {java.security.NoSuchAlgorithmException: Error constructing implementation (algorithm: Default, provider: SunJSSE, class: sun.security.ssl.SSLContextImpl$DefaultSSLContext)}, caused by {java.security.KeyStoreException: problem accessing trust store}, caused by {java.io.IOException: Keystore was tampered with, or password was incorrect}, caused by {java.security.UnrecoverableKeyException: Password verification failed}}]
2026-02-13 00:59:35 DEBUG org.mongodb.driver.cluster - Checking status of docdb-2026-01-06-06-21-53.cfocyuk6aet4.ap-south-1.docdb.amazonaws.com:27017
2026-02-13 00:59:35 DEBUG org.mongodb.driver.cluster - Heartbeat started for docdb-2026-01-06-06-21-53.cfocyuk6aet4.ap-south-1.docdb.amazonaws.com:27017 on connection with driver-generated ID 9 and server-generated ID null in topology with ID ClusterId{value='698e2a0841cef8246b179470', description='null'}. Awaited: false
2026-02-13 00:59:35 DEBUG org.mongodb.driver.cluster - Heartbeat failed in 0 ms for docdb-2026-01-06-06-21-53.cfocyuk6aet4.ap-south-1.docdb.amazonaws.com:27017 on connection with driver-generated ID 9 and server-generated ID null in topology with ID ClusterId{value='698e2a0841cef8246b179470', description='null'}. Awaited: false. Failure: Unable to create default SSLContext
2026-02-13 00:59:35 DEBUG org.mongodb.driver.cluster - Updating cluster description to  {type=REPLICA_SET, servers=[{address=docdb-2026-01-06-06-21-53.cfocyuk6aet4.ap-south-1.docdb.amazonaws.com:27017, type=UNKNOWN, state=CONNECTING, exception={com.mongodb.MongoClientException: Unable to create default SSLContext}, caused by {java.security.NoSuchAlgorithmException: Error constructing implementation (algorithm: Default, provider: SunJSSE, class: sun.security.ssl.SSLContextImpl$DefaultSSLContext)}, caused by {java.security.KeyStoreException: problem accessing trust store}, caused by {java.io.IOException: Keystore was tampered with, or password was incorrect}, caused by {java.security.UnrecoverableKeyException: Password verification failed}}]
2026-02-13 00:59:36 DEBUG org.mongodb.driver.cluster - Checking status of docdb-2026-01-06-06-21-53.cfocyuk6aet4.ap-south-1.docdb.amazonaws.com:27017
2026-02-13 00:59:36 DEBUG org.mongodb.driver.cluster - Heartbeat started for docdb-2026-01-06-06-21-53.cfocyuk6aet4.ap-south-1.docdb.amazonaws.com:27017 on connection with driver-generated ID 10 and server-generated ID null in topology with ID ClusterId{value='698e2a0841cef8246b179470', description='null'}. Awaited: false
2026-02-13 00:59:36 DEBUG org.mongodb.driver.cluster - Heartbeat failed in 8 ms for docdb-2026-01-06-06-21-53.cfocyuk6aet4.ap-south-1.docdb.amazonaws.com:27017 on connection with driver-generated ID 10 and server-generated ID null in topology with ID ClusterId{value='698e2a0841cef8246b179470', description='null'}. Awaited: false. Failure: Unable to create default SSLContext
2026-02-13 00:59:36 DEBUG org.mongodb.driver.cluster - Updating cluster description to  {type=REPLICA_SET, servers=[{address=docdb-2026-01-06-06-21-53.cfocyuk6aet4.ap-south-1.docdb.amazonaws.com:27017, type=UNKNOWN, state=CONNECTING, exception={com.mongodb.MongoClientException: Unable to create default SSLContext}, caused by {java.security.NoSuchAlgorithmException: Error constructing implementation (algorithm: Default, provider: SunJSSE, class: sun.security.ssl.SSLContextImpl$DefaultSSLContext)}, caused by {java.security.KeyStoreException: problem accessing trust store}, caused by {java.io.IOException: Keystore was tampered with, or password was incorrect}, caused by {java.security.UnrecoverableKeyException: Password verification failed}}]
2026-02-13 00:59:36 DEBUG org.mongodb.driver.cluster - Checking status of docdb-2026-01-06-06-21-53.cfocyuk6aet4.ap-south-1.docdb.amazonaws.com:27017
2026-02-13 00:59:36 DEBUG org.mongodb.driver.cluster - Heartbeat started for docdb-2026-01-06-06-21-53.cfocyuk6aet4.ap-south-1.docdb.amazonaws.com:27017 on connection with driver-generated ID 11 and server-generated ID null in topology with ID ClusterId{value='698e2a0841cef8246b179470', description='null'}. Awaited: false
2026-02-13 00:59:36 DEBUG org.mongodb.driver.cluster - Heartbeat failed in 0 ms for docdb-2026-01-06-06-21-53.cfocyuk6aet4.ap-south-1.docdb.amazonaws.com:27017 on connection with driver-generated ID 11 and server-generated ID null in topology with ID ClusterId{value='698e2a0841cef8246b179470', description='null'}. Awaited: false. Failure: Unable to create default SSLContext
2026-02-13 00:59:36 DEBUG org.mongodb.driver.cluster - Updating cluster description to  {type=REPLICA_SET, servers=[{address=docdb-2026-01-06-06-21-53.cfocyuk6aet4.ap-south-1.docdb.amazonaws.com:27017, type=UNKNOWN, state=CONNECTING, exception={com.mongodb.MongoClientException: Unable to create default SSLContext}, caused by {java.security.NoSuchAlgorithmException: Error constructing implementation (algorithm: Default, provider: SunJSSE, class: sun.security.ssl.SSLContextImpl$DefaultSSLContext)}, caused by {java.security.KeyStoreException: problem accessing trust store}, caused by {java.io.IOException: Keystore was tampered with, or password was incorrect}, caused by {java.security.UnrecoverableKeyException: Password verification failed}}]
2026-02-13 00:59:37 DEBUG org.mongodb.driver.cluster - Checking status of docdb-2026-01-06-06-21-53.cfocyuk6aet4.ap-south-1.docdb.amazonaws.com:27017
2026-02-13 00:59:37 DEBUG org.mongodb.driver.cluster - Heartbeat started for docdb-2026-01-06-06-21-53.cfocyuk6aet4.ap-south-1.docdb.amazonaws.com:27017 on connection with driver-generated ID 12 and server-generated ID null in topology with ID ClusterId{value='698e2a0841cef8246b179470', description='null'}. Awaited: false
2026-02-13 00:59:37 DEBUG org.mongodb.driver.cluster - Heartbeat failed in 2 ms for docdb-2026-01-06-06-21-53.cfocyuk6aet4.ap-south-1.docdb.amazonaws.com:27017 on connection with driver-generated ID 12 and server-generated ID null in topology with ID ClusterId{value='698e2a0841cef8246b179470', description='null'}. Awaited: false. Failure: Unable to create default SSLContext
2026-02-13 00:59:37 DEBUG org.mongodb.driver.cluster - Updating cluster description to  {type=REPLICA_SET, servers=[{address=docdb-2026-01-06-06-21-53.cfocyuk6aet4.ap-south-1.docdb.amazonaws.com:27017, type=UNKNOWN, state=CONNECTING, exception={com.mongodb.MongoClientException: Unable to create default SSLContext}, caused by {java.security.NoSuchAlgorithmException: Error constructing implementation (algorithm: Default, provider: SunJSSE, class: sun.security.ssl.SSLContextImpl$DefaultSSLContext)}, caused by {java.security.KeyStoreException: problem accessing trust store}, caused by {java.io.IOException: Keystore was tampered with, or password was incorrect}, caused by {java.security.UnrecoverableKeyException: Password verification failed}}]
2026-02-13 00:59:38 DEBUG org.mongodb.driver.cluster - Checking status of docdb-2026-01-06-06-21-53.cfocyuk6aet4.ap-south-1.docdb.amazonaws.com:27017
2026-02-13 00:59:38 DEBUG org.mongodb.driver.cluster - Heartbeat started for docdb-2026-01-06-06-21-53.cfocyuk6aet4.ap-south-1.docdb.amazonaws.com:27017 on connection with driver-generated ID 13 and server-generated ID null in topology with ID ClusterId{value='698e2a0841cef8246b179470', description='null'}. Awaited: false
2026-02-13 00:59:38 DEBUG org.mongodb.driver.cluster - Heartbeat failed in 1 ms for docdb-2026-01-06-06-21-53.cfocyuk6aet4.ap-south-1.docdb.amazonaws.com:27017 on connection with driver-generated ID 13 and server-generated ID null in topology with ID ClusterId{value='698e2a0841cef8246b179470', description='null'}. Awaited: false. Failure: Unable to create default SSLContext
2026-02-13 00:59:38 DEBUG org.mongodb.driver.cluster - Updating cluster description to  {type=REPLICA_SET, servers=[{address=docdb-2026-01-06-06-21-53.cfocyuk6aet4.ap-south-1.docdb.amazonaws.com:27017, type=UNKNOWN, state=CONNECTING, exception={com.mongodb.MongoClientException: Unable to create default SSLContext}, caused by {java.security.NoSuchAlgorithmException: Error constructing implementation (algorithm: Default, provider: SunJSSE, class: sun.security.ssl.SSLContextImpl$DefaultSSLContext)}, caused by {java.security.KeyStoreException: problem accessing trust store}, caused by {java.io.IOException: Keystore was tampered with, or password was incorrect}, caused by {java.security.UnrecoverableKeyException: Password verification failed}}]
2026-02-13 00:59:38 DEBUG org.mongodb.driver.cluster - Checking status of docdb-2026-01-06-06-21-53.cfocyuk6aet4.ap-south-1.docdb.amazonaws.com:27017
2026-02-13 00:59:38 DEBUG org.mongodb.driver.cluster - Heartbeat started for docdb-2026-01-06-06-21-53.cfocyuk6aet4.ap-south-1.docdb.amazonaws.com:27017 on connection with driver-generated ID 14 and server-generated ID null in topology with ID ClusterId{value='698e2a0841cef8246b179470', description='null'}. Awaited: false
2026-02-13 00:59:38 DEBUG org.mongodb.driver.cluster - Heartbeat failed in 10 ms for docdb-2026-01-06-06-21-53.cfocyuk6aet4.ap-south-1.docdb.amazonaws.com:27017 on connection with driver-generated ID 14 and server-generated ID null in topology with ID ClusterId{value='698e2a0841cef8246b179470', description='null'}. Awaited: false. Failure: Unable to create default SSLContext
2026-02-13 00:59:38 DEBUG org.mongodb.driver.cluster - Updating cluster description to  {type=REPLICA_SET, servers=[{address=docdb-2026-01-06-06-21-53.cfocyuk6aet4.ap-south-1.docdb.amazonaws.com:27017, type=UNKNOWN, state=CONNECTING, exception={com.mongodb.MongoClientException: Unable to create default SSLContext}, caused by {java.security.NoSuchAlgorithmException: Error constructing implementation (algorithm: Default, provider: SunJSSE, class: sun.security.ssl.SSLContextImpl$DefaultSSLContext)}, caused by {java.security.KeyStoreException: problem accessing trust store}, caused by {java.io.IOException: Keystore was tampered with, or password was incorrect}, caused by {java.security.UnrecoverableKeyException: Password verification failed}}]
2026-02-13 00:59:39 DEBUG org.mongodb.driver.cluster - Checking status of docdb-2026-01-06-06-21-53.cfocyuk6aet4.ap-south-1.docdb.amazonaws.com:27017
2026-02-13 00:59:39 DEBUG org.mongodb.driver.cluster - Heartbeat started for docdb-2026-01-06-06-21-53.cfocyuk6aet4.ap-south-1.docdb.amazonaws.com:27017 on connection with driver-generated ID 15 and server-generated ID null in topology with ID ClusterId{value='698e2a0841cef8246b179470', description='null'}. Awaited: false
2026-02-13 00:59:39 DEBUG org.mongodb.driver.cluster - Heartbeat failed in 2 ms for docdb-2026-01-06-06-21-53.cfocyuk6aet4.ap-south-1.docdb.amazonaws.com:27017 on connection with driver-generated ID 15 and server-generated ID null in topology with ID ClusterId{value='698e2a0841cef8246b179470', description='null'}. Awaited: false. Failure: Unable to create default SSLContext
2026-02-13 00:59:39 DEBUG org.mongodb.driver.cluster - Updating cluster description to  {type=REPLICA_SET, servers=[{address=docdb-2026-01-06-06-21-53.cfocyuk6aet4.ap-south-1.docdb.amazonaws.com:27017, type=UNKNOWN, state=CONNECTING, exception={com.mongodb.MongoClientException: Unable to create default SSLContext}, caused by {java.security.NoSuchAlgorithmException: Error constructing implementation (algorithm: Default, provider: SunJSSE, class: sun.security.ssl.SSLContextImpl$DefaultSSLContext)}, caused by {java.security.KeyStoreException: problem accessing trust store}, caused by {java.io.IOException: Keystore was tampered with, or password was incorrect}, caused by {java.security.UnrecoverableKeyException: Password verification failed}}]
2026-02-13 00:59:39 DEBUG org.mongodb.driver.cluster - Checking status of docdb-2026-01-06-06-21-53.cfocyuk6aet4.ap-south-1.docdb.amazonaws.com:27017
2026-02-13 00:59:39 DEBUG org.mongodb.driver.cluster - Heartbeat started for docdb-2026-01-06-06-21-53.cfocyuk6aet4.ap-south-1.docdb.amazonaws.com:27017 on connection with driver-generated ID 16 and server-generated ID null in topology with ID ClusterId{value='698e2a0841cef8246b179470', description='null'}. Awaited: false
2026-02-13 00:59:39 DEBUG org.mongodb.driver.cluster - Heartbeat failed in 48 ms for docdb-2026-01-06-06-21-53.cfocyuk6aet4.ap-south-1.docdb.amazonaws.com:27017 on connection with driver-generated ID 16 and server-generated ID null in topology with ID ClusterId{value='698e2a0841cef8246b179470', description='null'}. Awaited: false. Failure: Unable to create default SSLContext
2026-02-13 00:59:39 DEBUG org.mongodb.driver.cluster - Updating cluster description to  {type=REPLICA_SET, servers=[{address=docdb-2026-01-06-06-21-53.cfocyuk6aet4.ap-south-1.docdb.amazonaws.com:27017, type=UNKNOWN, state=CONNECTING, exception={com.mongodb.MongoClientException: Unable to create default SSLContext}, caused by {java.security.NoSuchAlgorithmException: Error constructing implementation (algorithm: Default, provider: SunJSSE, class: sun.security.ssl.SSLContextImpl$DefaultSSLContext)}, caused by {java.security.KeyStoreException: problem accessing trust store}, caused by {java.io.IOException: Keystore was tampered with, or password was incorrect}, caused by {java.security.UnrecoverableKeyException: Password verification failed}}]
2026-02-13 00:59:40 DEBUG org.mongodb.driver.cluster - Checking status of docdb-2026-01-06-06-21-53.cfocyuk6aet4.ap-south-1.docdb.amazonaws.com:27017
2026-02-13 00:59:40 DEBUG org.mongodb.driver.cluster - Heartbeat started for docdb-2026-01-06-06-21-53.cfocyuk6aet4.ap-south-1.docdb.amazonaws.com:27017 on connection with driver-generated ID 17 and server-generated ID null in topology with ID ClusterId{value='698e2a0841cef8246b179470', description='null'}. Awaited: false
2026-02-13 00:59:40 DEBUG org.mongodb.driver.cluster - Heartbeat failed in 0 ms for docdb-2026-01-06-06-21-53.cfocyuk6aet4.ap-south-1.docdb.amazonaws.com:27017 on connection with driver-generated ID 17 and server-generated ID null in topology with ID ClusterId{value='698e2a0841cef8246b179470', description='null'}. Awaited: false. Failure: Unable to create default SSLContext
2026-02-13 00:59:40 DEBUG org.mongodb.driver.cluster - Updating cluster description to  {type=REPLICA_SET, servers=[{address=docdb-2026-01-06-06-21-53.cfocyuk6aet4.ap-south-1.docdb.amazonaws.com:27017, type=UNKNOWN, state=CONNECTING, exception={com.mongodb.MongoClientException: Unable to create default SSLContext}, caused by {java.security.NoSuchAlgorithmException: Error constructing implementation (algorithm: Default, provider: SunJSSE, class: sun.security.ssl.SSLContextImpl$DefaultSSLContext)}, caused by {java.security.KeyStoreException: problem accessing trust store}, caused by {java.io.IOException: Keystore was tampered with, or password was incorrect}, caused by {java.security.UnrecoverableKeyException: Password verification failed}}]
2026-02-13 00:59:40 DEBUG org.mongodb.driver.cluster - Checking status of docdb-2026-01-06-06-21-53.cfocyuk6aet4.ap-south-1.docdb.amazonaws.com:27017
2026-02-13 00:59:40 DEBUG org.mongodb.driver.cluster - Heartbeat started for docdb-2026-01-06-06-21-53.cfocyuk6aet4.ap-south-1.docdb.amazonaws.com:27017 on connection with driver-generated ID 18 and server-generated ID null in topology with ID ClusterId{value='698e2a0841cef8246b179470', description='null'}. Awaited: false
2026-02-13 00:59:40 DEBUG org.mongodb.driver.cluster - Heartbeat failed in 0 ms for docdb-2026-01-06-06-21-53.cfocyuk6aet4.ap-south-1.docdb.amazonaws.com:27017 on connection with driver-generated ID 18 and server-generated ID null in topology with ID ClusterId{value='698e2a0841cef8246b179470', description='null'}. Awaited: false. Failure: Unable to create default SSLContext
2026-02-13 00:59:40 DEBUG org.mongodb.driver.cluster - Updating cluster description to  {type=REPLICA_SET, servers=[{address=docdb-2026-01-06-06-21-53.cfocyuk6aet4.ap-south-1.docdb.amazonaws.com:27017, type=UNKNOWN, state=CONNECTING, exception={com.mongodb.MongoClientException: Unable to create default SSLContext}, caused by {java.security.NoSuchAlgorithmException: Error constructing implementation (algorithm: Default, provider: SunJSSE, class: sun.security.ssl.SSLContextImpl$DefaultSSLContext)}, caused by {java.security.KeyStoreException: problem accessing trust store}, caused by {java.io.IOException: Keystore was tampered with, or password was incorrect}, caused by {java.security.UnrecoverableKeyException: Password verification failed}}]
2026-02-13 00:59:41 DEBUG org.mongodb.driver.cluster - Checking status of docdb-2026-01-06-06-21-53.cfocyuk6aet4.ap-south-1.docdb.amazonaws.com:27017
2026-02-13 00:59:41 DEBUG org.mongodb.driver.cluster - Heartbeat started for docdb-2026-01-06-06-21-53.cfocyuk6aet4.ap-south-1.docdb.amazonaws.com:27017 on connection with driver-generated ID 19 and server-generated ID null in topology with ID ClusterId{value='698e2a0841cef8246b179470', description='null'}. Awaited: false
2026-02-13 00:59:41 DEBUG org.mongodb.driver.cluster - Heartbeat failed in 0 ms for docdb-2026-01-06-06-21-53.cfocyuk6aet4.ap-south-1.docdb.amazonaws.com:27017 on connection with driver-generated ID 19 and server-generated ID null in topology with ID ClusterId{value='698e2a0841cef8246b179470', description='null'}. Awaited: false. Failure: Unable to create default SSLContext
2026-02-13 00:59:41 DEBUG org.mongodb.driver.cluster - Updating cluster description to  {type=REPLICA_SET, servers=[{address=docdb-2026-01-06-06-21-53.cfocyuk6aet4.ap-south-1.docdb.amazonaws.com:27017, type=UNKNOWN, state=CONNECTING, exception={com.mongodb.MongoClientException: Unable to create default SSLContext}, caused by {java.security.NoSuchAlgorithmException: Error constructing implementation (algorithm: Default, provider: SunJSSE, class: sun.security.ssl.SSLContextImpl$DefaultSSLContext)}, caused by {java.security.KeyStoreException: problem accessing trust store}, caused by {java.io.IOException: Keystore was tampered with, or password was incorrect}, caused by {java.security.UnrecoverableKeyException: Password verification failed}}]
2026-02-13 00:59:41 DEBUG org.mongodb.driver.cluster - Checking status of docdb-2026-01-06-06-21-53.cfocyuk6aet4.ap-south-1.docdb.amazonaws.com:27017
2026-02-13 00:59:41 DEBUG org.mongodb.driver.cluster - Heartbeat started for docdb-2026-01-06-06-21-53.cfocyuk6aet4.ap-south-1.docdb.amazonaws.com:27017 on connection with driver-generated ID 20 and server-generated ID null in topology with ID ClusterId{value='698e2a0841cef8246b179470', description='null'}. Awaited: false
2026-02-13 00:59:41 DEBUG org.mongodb.driver.cluster - Heartbeat failed in 0 ms for docdb-2026-01-06-06-21-53.cfocyuk6aet4.ap-south-1.docdb.amazonaws.com:27017 on connection with driver-generated ID 20 and server-generated ID null in topology with ID ClusterId{value='698e2a0841cef8246b179470', description='null'}. Awaited: false. Failure: Unable to create default SSLContext
2026-02-13 00:59:41 DEBUG org.mongodb.driver.cluster - Updating cluster description to  {type=REPLICA_SET, servers=[{address=docdb-2026-01-06-06-21-53.cfocyuk6aet4.ap-south-1.docdb.amazonaws.com:27017, type=UNKNOWN, state=CONNECTING, exception={com.mongodb.MongoClientException: Unable to create default SSLContext}, caused by {java.security.NoSuchAlgorithmException: Error constructing implementation (algorithm: Default, provider: SunJSSE, class: sun.security.ssl.SSLContextImpl$DefaultSSLContext)}, caused by {java.security.KeyStoreException: problem accessing trust store}, caused by {java.io.IOException: Keystore was tampered with, or password was incorrect}, caused by {java.security.UnrecoverableKeyException: Password verification failed}}]
2026-02-13 00:59:42 DEBUG org.mongodb.driver.cluster - Checking status of docdb-2026-01-06-06-21-53.cfocyuk6aet4.ap-south-1.docdb.amazonaws.com:27017
2026-02-13 00:59:42 DEBUG org.mongodb.driver.cluster - Heartbeat started for docdb-2026-01-06-06-21-53.cfocyuk6aet4.ap-south-1.docdb.amazonaws.com:27017 on connection with driver-generated ID 21 and server-generated ID null in topology with ID ClusterId{value='698e2a0841cef8246b179470', description='null'}. Awaited: false
2026-02-13 00:59:42 DEBUG org.mongodb.driver.cluster - Heartbeat failed in 0 ms for docdb-2026-01-06-06-21-53.cfocyuk6aet4.ap-south-1.docdb.amazonaws.com:27017 on connection with driver-generated ID 21 and server-generated ID null in topology with ID ClusterId{value='698e2a0841cef8246b179470', description='null'}. Awaited: false. Failure: Unable to create default SSLContext
2026-02-13 00:59:42 DEBUG org.mongodb.driver.cluster - Updating cluster description to  {type=REPLICA_SET, servers=[{address=docdb-2026-01-06-06-21-53.cfocyuk6aet4.ap-south-1.docdb.amazonaws.com:27017, type=UNKNOWN, state=CONNECTING, exception={com.mongodb.MongoClientException: Unable to create default SSLContext}, caused by {java.security.NoSuchAlgorithmException: Error constructing implementation (algorithm: Default, provider: SunJSSE, class: sun.security.ssl.SSLContextImpl$DefaultSSLContext)}, caused by {java.security.KeyStoreException: problem accessing trust store}, caused by {java.io.IOException: Keystore was tampered with, or password was incorrect}, caused by {java.security.UnrecoverableKeyException: Password verification failed}}]
2026-02-13 00:59:42 DEBUG org.mongodb.driver.cluster - Checking status of docdb-2026-01-06-06-21-53.cfocyuk6aet4.ap-south-1.docdb.amazonaws.com:27017
2026-02-13 00:59:42 DEBUG org.mongodb.driver.cluster - Heartbeat started for docdb-2026-01-06-06-21-53.cfocyuk6aet4.ap-south-1.docdb.amazonaws.com:27017 on connection with driver-generated ID 22 and server-generated ID null in topology with ID ClusterId{value='698e2a0841cef8246b179470', description='null'}. Awaited: false
2026-02-13 00:59:42 DEBUG org.mongodb.driver.cluster - Heartbeat failed in 1 ms for docdb-2026-01-06-06-21-53.cfocyuk6aet4.ap-south-1.docdb.amazonaws.com:27017 on connection with driver-generated ID 22 and server-generated ID null in topology with ID ClusterId{value='698e2a0841cef8246b179470', description='null'}. Awaited: false. Failure: Unable to create default SSLContext
2026-02-13 00:59:42 DEBUG org.mongodb.driver.cluster - Updating cluster description to  {type=REPLICA_SET, servers=[{address=docdb-2026-01-06-06-21-53.cfocyuk6aet4.ap-south-1.docdb.amazonaws.com:27017, type=UNKNOWN, state=CONNECTING, exception={com.mongodb.MongoClientException: Unable to create default SSLContext}, caused by {java.security.NoSuchAlgorithmException: Error constructing implementation (algorithm: Default, provider: SunJSSE, class: sun.security.ssl.SSLContextImpl$DefaultSSLContext)}, caused by {java.security.KeyStoreException: problem accessing trust store}, caused by {java.io.IOException: Keystore was tampered with, or password was incorrect}, caused by {java.security.UnrecoverableKeyException: Password verification failed}}]
2026-02-13 00:59:43 DEBUG org.mongodb.driver.cluster - Checking status of docdb-2026-01-06-06-21-53.cfocyuk6aet4.ap-south-1.docdb.amazonaws.com:27017
2026-02-13 00:59:43 DEBUG org.mongodb.driver.cluster - Heartbeat started for docdb-2026-01-06-06-21-53.cfocyuk6aet4.ap-south-1.docdb.amazonaws.com:27017 on connection with driver-generated ID 23 and server-generated ID null in topology with ID ClusterId{value='698e2a0841cef8246b179470', description='null'}. Awaited: false
2026-02-13 00:59:43 DEBUG org.mongodb.driver.cluster - Heartbeat failed in 0 ms for docdb-2026-01-06-06-21-53.cfocyuk6aet4.ap-south-1.docdb.amazonaws.com:27017 on connection with driver-generated ID 23 and server-generated ID null in topology with ID ClusterId{value='698e2a0841cef8246b179470', description='null'}. Awaited: false. Failure: Unable to create default SSLContext
2026-02-13 00:59:43 DEBUG org.mongodb.driver.cluster - Updating cluster description to  {type=REPLICA_SET, servers=[{address=docdb-2026-01-06-06-21-53.cfocyuk6aet4.ap-south-1.docdb.amazonaws.com:27017, type=UNKNOWN, state=CONNECTING, exception={com.mongodb.MongoClientException: Unable to create default SSLContext}, caused by {java.security.NoSuchAlgorithmException: Error constructing implementation (algorithm: Default, provider: SunJSSE, class: sun.security.ssl.SSLContextImpl$DefaultSSLContext)}, caused by {java.security.KeyStoreException: problem accessing trust store}, caused by {java.io.IOException: Keystore was tampered with, or password was incorrect}, caused by {java.security.UnrecoverableKeyException: Password verification failed}}]
2026-02-13 00:59:43 DEBUG org.mongodb.driver.cluster - Checking status of docdb-2026-01-06-06-21-53.cfocyuk6aet4.ap-south-1.docdb.amazonaws.com:27017
2026-02-13 00:59:43 DEBUG org.mongodb.driver.cluster - Heartbeat started for docdb-2026-01-06-06-21-53.cfocyuk6aet4.ap-south-1.docdb.amazonaws.com:27017 on connection with driver-generated ID 24 and server-generated ID null in topology with ID ClusterId{value='698e2a0841cef8246b179470', description='null'}. Awaited: false
2026-02-13 00:59:43 DEBUG org.mongodb.driver.cluster - Heartbeat failed in 0 ms for docdb-2026-01-06-06-21-53.cfocyuk6aet4.ap-south-1.docdb.amazonaws.com:27017 on connection with driver-generated ID 24 and server-generated ID null in topology with ID ClusterId{value='698e2a0841cef8246b179470', description='null'}. Awaited: false. Failure: Unable to create default SSLContext
2026-02-13 00:59:43 DEBUG org.mongodb.driver.cluster - Updating cluster description to  {type=REPLICA_SET, servers=[{address=docdb-2026-01-06-06-21-53.cfocyuk6aet4.ap-south-1.docdb.amazonaws.com:27017, type=UNKNOWN, state=CONNECTING, exception={com.mongodb.MongoClientException: Unable to create default SSLContext}, caused by {java.security.NoSuchAlgorithmException: Error constructing implementation (algorithm: Default, provider: SunJSSE, class: sun.security.ssl.SSLContextImpl$DefaultSSLContext)}, caused by {java.security.KeyStoreException: problem accessing trust store}, caused by {java.io.IOException: Keystore was tampered with, or password was incorrect}, caused by {java.security.UnrecoverableKeyException: Password verification failed}}]
2026-02-13 00:59:44 DEBUG org.mongodb.driver.cluster - Checking status of docdb-2026-01-06-06-21-53.cfocyuk6aet4.ap-south-1.docdb.amazonaws.com:27017
2026-02-13 00:59:44 DEBUG org.mongodb.driver.cluster - Heartbeat started for docdb-2026-01-06-06-21-53.cfocyuk6aet4.ap-south-1.docdb.amazonaws.com:27017 on connection with driver-generated ID 25 and server-generated ID null in topology with ID ClusterId{value='698e2a0841cef8246b179470', description='null'}. Awaited: false
2026-02-13 00:59:44 DEBUG org.mongodb.driver.cluster - Heartbeat failed in 0 ms for docdb-2026-01-06-06-21-53.cfocyuk6aet4.ap-south-1.docdb.amazonaws.com:27017 on connection with driver-generated ID 25 and server-generated ID null in topology with ID ClusterId{value='698e2a0841cef8246b179470', description='null'}. Awaited: false. Failure: Unable to create default SSLContext
2026-02-13 00:59:44 DEBUG org.mongodb.driver.cluster - Updating cluster description to  {type=REPLICA_SET, servers=[{address=docdb-2026-01-06-06-21-53.cfocyuk6aet4.ap-south-1.docdb.amazonaws.com:27017, type=UNKNOWN, state=CONNECTING, exception={com.mongodb.MongoClientException: Unable to create default SSLContext}, caused by {java.security.NoSuchAlgorithmException: Error constructing implementation (algorithm: Default, provider: SunJSSE, class: sun.security.ssl.SSLContextImpl$DefaultSSLContext)}, caused by {java.security.KeyStoreException: problem accessing trust store}, caused by {java.io.IOException: Keystore was tampered with, or password was incorrect}, caused by {java.security.UnrecoverableKeyException: Password verification failed}}]
2026-02-13 00:59:44 DEBUG org.mongodb.driver.cluster - Checking status of docdb-2026-01-06-06-21-53.cfocyuk6aet4.ap-south-1.docdb.amazonaws.com:27017
2026-02-13 00:59:44 DEBUG org.mongodb.driver.cluster - Heartbeat started for docdb-2026-01-06-06-21-53.cfocyuk6aet4.ap-south-1.docdb.amazonaws.com:27017 on connection with driver-generated ID 26 and server-generated ID null in topology with ID ClusterId{value='698e2a0841cef8246b179470', description='null'}. Awaited: false
2026-02-13 00:59:44 DEBUG org.mongodb.driver.cluster - Heartbeat failed in 1 ms for docdb-2026-01-06-06-21-53.cfocyuk6aet4.ap-south-1.docdb.amazonaws.com:27017 on connection with driver-generated ID 26 and server-generated ID null in topology with ID ClusterId{value='698e2a0841cef8246b179470', description='null'}. Awaited: false. Failure: Unable to create default SSLContext
2026-02-13 00:59:44 DEBUG org.mongodb.driver.cluster - Updating cluster description to  {type=REPLICA_SET, servers=[{address=docdb-2026-01-06-06-21-53.cfocyuk6aet4.ap-south-1.docdb.amazonaws.com:27017, type=UNKNOWN, state=CONNECTING, exception={com.mongodb.MongoClientException: Unable to create default SSLContext}, caused by {java.security.NoSuchAlgorithmException: Error constructing implementation (algorithm: Default, provider: SunJSSE, class: sun.security.ssl.SSLContextImpl$DefaultSSLContext)}, caused by {java.security.KeyStoreException: problem accessing trust store}, caused by {java.io.IOException: Keystore was tampered with, or password was incorrect}, caused by {java.security.UnrecoverableKeyException: Password verification failed}}]
2026-02-13 00:59:45 DEBUG org.mongodb.driver.cluster - Checking status of docdb-2026-01-06-06-21-53.cfocyuk6aet4.ap-south-1.docdb.amazonaws.com:27017
2026-02-13 00:59:45 DEBUG org.mongodb.driver.cluster - Heartbeat started for docdb-2026-01-06-06-21-53.cfocyuk6aet4.ap-south-1.docdb.amazonaws.com:27017 on connection with driver-generated ID 27 and server-generated ID null in topology with ID ClusterId{value='698e2a0841cef8246b179470', description='null'}. Awaited: false
2026-02-13 00:59:45 DEBUG org.mongodb.driver.cluster - Heartbeat failed in 0 ms for docdb-2026-01-06-06-21-53.cfocyuk6aet4.ap-south-1.docdb.amazonaws.com:27017 on connection with driver-generated ID 27 and server-generated ID null in topology with ID ClusterId{value='698e2a0841cef8246b179470', description='null'}. Awaited: false. Failure: Unable to create default SSLContext
2026-02-13 00:59:45 DEBUG org.mongodb.driver.cluster - Updating cluster description to  {type=REPLICA_SET, servers=[{address=docdb-2026-01-06-06-21-53.cfocyuk6aet4.ap-south-1.docdb.amazonaws.com:27017, type=UNKNOWN, state=CONNECTING, exception={com.mongodb.MongoClientException: Unable to create default SSLContext}, caused by {java.security.NoSuchAlgorithmException: Error constructing implementation (algorithm: Default, provider: SunJSSE, class: sun.security.ssl.SSLContextImpl$DefaultSSLContext)}, caused by {java.security.KeyStoreException: problem accessing trust store}, caused by {java.io.IOException: Keystore was tampered with, or password was incorrect}, caused by {java.security.UnrecoverableKeyException: Password verification failed}}]
2026-02-13 00:59:45 DEBUG org.mongodb.driver.cluster - Checking status of docdb-2026-01-06-06-21-53.cfocyuk6aet4.ap-south-1.docdb.amazonaws.com:27017
2026-02-13 00:59:45 DEBUG org.mongodb.driver.cluster - Heartbeat started for docdb-2026-01-06-06-21-53.cfocyuk6aet4.ap-south-1.docdb.amazonaws.com:27017 on connection with driver-generated ID 28 and server-generated ID null in topology with ID ClusterId{value='698e2a0841cef8246b179470', description='null'}. Awaited: false
2026-02-13 00:59:45 DEBUG org.mongodb.driver.cluster - Heartbeat failed in 0 ms for docdb-2026-01-06-06-21-53.cfocyuk6aet4.ap-south-1.docdb.amazonaws.com:27017 on connection with driver-generated ID 28 and server-generated ID null in topology with ID ClusterId{value='698e2a0841cef8246b179470', description='null'}. Awaited: false. Failure: Unable to create default SSLContext
2026-02-13 00:59:45 DEBUG org.mongodb.driver.cluster - Updating cluster description to  {type=REPLICA_SET, servers=[{address=docdb-2026-01-06-06-21-53.cfocyuk6aet4.ap-south-1.docdb.amazonaws.com:27017, type=UNKNOWN, state=CONNECTING, exception={com.mongodb.MongoClientException: Unable to create default SSLContext}, caused by {java.security.NoSuchAlgorithmException: Error constructing implementation (algorithm: Default, provider: SunJSSE, class: sun.security.ssl.SSLContextImpl$DefaultSSLContext)}, caused by {java.security.KeyStoreException: problem accessing trust store}, caused by {java.io.IOException: Keystore was tampered with, or password was incorrect}, caused by {java.security.UnrecoverableKeyException: Password verification failed}}]
2026-02-13 00:59:46 DEBUG org.mongodb.driver.cluster - Checking status of docdb-2026-01-06-06-21-53.cfocyuk6aet4.ap-south-1.docdb.amazonaws.com:27017
2026-02-13 00:59:46 DEBUG org.mongodb.driver.cluster - Heartbeat started for docdb-2026-01-06-06-21-53.cfocyuk6aet4.ap-south-1.docdb.amazonaws.com:27017 on connection with driver-generated ID 29 and server-generated ID null in topology with ID ClusterId{value='698e2a0841cef8246b179470', description='null'}. Awaited: false
2026-02-13 00:59:46 DEBUG org.mongodb.driver.cluster - Heartbeat failed in 0 ms for docdb-2026-01-06-06-21-53.cfocyuk6aet4.ap-south-1.docdb.amazonaws.com:27017 on connection with driver-generated ID 29 and server-generated ID null in topology with ID ClusterId{value='698e2a0841cef8246b179470', description='null'}. Awaited: false. Failure: Unable to create default SSLContext
2026-02-13 00:59:46 DEBUG org.mongodb.driver.cluster - Updating cluster description to  {type=REPLICA_SET, servers=[{address=docdb-2026-01-06-06-21-53.cfocyuk6aet4.ap-south-1.docdb.amazonaws.com:27017, type=UNKNOWN, state=CONNECTING, exception={com.mongodb.MongoClientException: Unable to create default SSLContext}, caused by {java.security.NoSuchAlgorithmException: Error constructing implementation (algorithm: Default, provider: SunJSSE, class: sun.security.ssl.SSLContextImpl$DefaultSSLContext)}, caused by {java.security.KeyStoreException: problem accessing trust store}, caused by {java.io.IOException: Keystore was tampered with, or password was incorrect}, caused by {java.security.UnrecoverableKeyException: Password verification failed}}]
2026-02-13 00:59:46 DEBUG org.mongodb.driver.cluster - Checking status of docdb-2026-01-06-06-21-53.cfocyuk6aet4.ap-south-1.docdb.amazonaws.com:27017
2026-02-13 00:59:46 DEBUG org.mongodb.driver.cluster - Heartbeat started for docdb-2026-01-06-06-21-53.cfocyuk6aet4.ap-south-1.docdb.amazonaws.com:27017 on connection with driver-generated ID 30 and server-generated ID null in topology with ID ClusterId{value='698e2a0841cef8246b179470', description='null'}. Awaited: false
2026-02-13 00:59:46 DEBUG org.mongodb.driver.cluster - Heartbeat failed in 0 ms for docdb-2026-01-06-06-21-53.cfocyuk6aet4.ap-south-1.docdb.amazonaws.com:27017 on connection with driver-generated ID 30 and server-generated ID null in topology with ID ClusterId{value='698e2a0841cef8246b179470', description='null'}. Awaited: false. Failure: Unable to create default SSLContext
2026-02-13 00:59:46 DEBUG org.mongodb.driver.cluster - Updating cluster description to  {type=REPLICA_SET, servers=[{address=docdb-2026-01-06-06-21-53.cfocyuk6aet4.ap-south-1.docdb.amazonaws.com:27017, type=UNKNOWN, state=CONNECTING, exception={com.mongodb.MongoClientException: Unable to create default SSLContext}, caused by {java.security.NoSuchAlgorithmException: Error constructing implementation (algorithm: Default, provider: SunJSSE, class: sun.security.ssl.SSLContextImpl$DefaultSSLContext)}, caused by {java.security.KeyStoreException: problem accessing trust store}, caused by {java.io.IOException: Keystore was tampered with, or password was incorrect}, caused by {java.security.UnrecoverableKeyException: Password verification failed}}]
2026-02-13 00:59:47 DEBUG org.mongodb.driver.cluster - Checking status of docdb-2026-01-06-06-21-53.cfocyuk6aet4.ap-south-1.docdb.amazonaws.com:27017
2026-02-13 00:59:47 DEBUG org.mongodb.driver.cluster - Heartbeat started for docdb-2026-01-06-06-21-53.cfocyuk6aet4.ap-south-1.docdb.amazonaws.com:27017 on connection with driver-generated ID 31 and server-generated ID null in topology with ID ClusterId{value='698e2a0841cef8246b179470', description='null'}. Awaited: false
2026-02-13 00:59:47 DEBUG org.mongodb.driver.cluster - Heartbeat failed in 0 ms for docdb-2026-01-06-06-21-53.cfocyuk6aet4.ap-south-1.docdb.amazonaws.com:27017 on connection with driver-generated ID 31 and server-generated ID null in topology with ID ClusterId{value='698e2a0841cef8246b179470', description='null'}. Awaited: false. Failure: Unable to create default SSLContext
2026-02-13 00:59:47 DEBUG org.mongodb.driver.cluster - Updating cluster description to  {type=REPLICA_SET, servers=[{address=docdb-2026-01-06-06-21-53.cfocyuk6aet4.ap-south-1.docdb.amazonaws.com:27017, type=UNKNOWN, state=CONNECTING, exception={com.mongodb.MongoClientException: Unable to create default SSLContext}, caused by {java.security.NoSuchAlgorithmException: Error constructing implementation (algorithm: Default, provider: SunJSSE, class: sun.security.ssl.SSLContextImpl$DefaultSSLContext)}, caused by {java.security.KeyStoreException: problem accessing trust store}, caused by {java.io.IOException: Keystore was tampered with, or password was incorrect}, caused by {java.security.UnrecoverableKeyException: Password verification failed}}]
2026-02-13 00:59:47 DEBUG org.mongodb.driver.cluster - Checking status of docdb-2026-01-06-06-21-53.cfocyuk6aet4.ap-south-1.docdb.amazonaws.com:27017
2026-02-13 00:59:47 DEBUG org.mongodb.driver.cluster - Heartbeat started for docdb-2026-01-06-06-21-53.cfocyuk6aet4.ap-south-1.docdb.amazonaws.com:27017 on connection with driver-generated ID 32 and server-generated ID null in topology with ID ClusterId{value='698e2a0841cef8246b179470', description='null'}. Awaited: false
2026-02-13 00:59:47 DEBUG org.mongodb.driver.cluster - Heartbeat failed in 0 ms for docdb-2026-01-06-06-21-53.cfocyuk6aet4.ap-south-1.docdb.amazonaws.com:27017 on connection with driver-generated ID 32 and server-generated ID null in topology with ID ClusterId{value='698e2a0841cef8246b179470', description='null'}. Awaited: false. Failure: Unable to create default SSLContext
2026-02-13 00:59:47 DEBUG org.mongodb.driver.cluster - Updating cluster description to  {type=REPLICA_SET, servers=[{address=docdb-2026-01-06-06-21-53.cfocyuk6aet4.ap-south-1.docdb.amazonaws.com:27017, type=UNKNOWN, state=CONNECTING, exception={com.mongodb.MongoClientException: Unable to create default SSLContext}, caused by {java.security.NoSuchAlgorithmException: Error constructing implementation (algorithm: Default, provider: SunJSSE, class: sun.security.ssl.SSLContextImpl$DefaultSSLContext)}, caused by {java.security.KeyStoreException: problem accessing trust store}, caused by {java.io.IOException: Keystore was tampered with, or password was incorrect}, caused by {java.security.UnrecoverableKeyException: Password verification failed}}]
2026-02-13 00:59:48 DEBUG org.mongodb.driver.cluster - Checking status of docdb-2026-01-06-06-21-53.cfocyuk6aet4.ap-south-1.docdb.amazonaws.com:27017
2026-02-13 00:59:48 DEBUG org.mongodb.driver.cluster - Heartbeat started for docdb-2026-01-06-06-21-53.cfocyuk6aet4.ap-south-1.docdb.amazonaws.com:27017 on connection with driver-generated ID 33 and server-generated ID null in topology with ID ClusterId{value='698e2a0841cef8246b179470', description='null'}. Awaited: false
2026-02-13 00:59:48 DEBUG org.mongodb.driver.cluster - Heartbeat failed in 0 ms for docdb-2026-01-06-06-21-53.cfocyuk6aet4.ap-south-1.docdb.amazonaws.com:27017 on connection with driver-generated ID 33 and server-generated ID null in topology with ID ClusterId{value='698e2a0841cef8246b179470', description='null'}. Awaited: false. Failure: Unable to create default SSLContext
2026-02-13 00:59:48 DEBUG org.mongodb.driver.cluster - Updating cluster description to  {type=REPLICA_SET, servers=[{address=docdb-2026-01-06-06-21-53.cfocyuk6aet4.ap-south-1.docdb.amazonaws.com:27017, type=UNKNOWN, state=CONNECTING, exception={com.mongodb.MongoClientException: Unable to create default SSLContext}, caused by {java.security.NoSuchAlgorithmException: Error constructing implementation (algorithm: Default, provider: SunJSSE, class: sun.security.ssl.SSLContextImpl$DefaultSSLContext)}, caused by {java.security.KeyStoreException: problem accessing trust store}, caused by {java.io.IOException: Keystore was tampered with, or password was incorrect}, caused by {java.security.UnrecoverableKeyException: Password verification failed}}]
2026-02-13 00:59:48 DEBUG org.mongodb.driver.cluster - Checking status of docdb-2026-01-06-06-21-53.cfocyuk6aet4.ap-south-1.docdb.amazonaws.com:27017
2026-02-13 00:59:48 DEBUG org.mongodb.driver.cluster - Heartbeat started for docdb-2026-01-06-06-21-53.cfocyuk6aet4.ap-south-1.docdb.amazonaws.com:27017 on connection with driver-generated ID 34 and server-generated ID null in topology with ID ClusterId{value='698e2a0841cef8246b179470', description='null'}. Awaited: false
2026-02-13 00:59:48 DEBUG org.mongodb.driver.cluster - Heartbeat failed in 0 ms for docdb-2026-01-06-06-21-53.cfocyuk6aet4.ap-south-1.docdb.amazonaws.com:27017 on connection with driver-generated ID 34 and server-generated ID null in topology with ID ClusterId{value='698e2a0841cef8246b179470', description='null'}. Awaited: false. Failure: Unable to create default SSLContext
2026-02-13 00:59:48 DEBUG org.mongodb.driver.cluster - Updating cluster description to  {type=REPLICA_SET, servers=[{address=docdb-2026-01-06-06-21-53.cfocyuk6aet4.ap-south-1.docdb.amazonaws.com:27017, type=UNKNOWN, state=CONNECTING, exception={com.mongodb.MongoClientException: Unable to create default SSLContext}, caused by {java.security.NoSuchAlgorithmException: Error constructing implementation (algorithm: Default, provider: SunJSSE, class: sun.security.ssl.SSLContextImpl$DefaultSSLContext)}, caused by {java.security.KeyStoreException: problem accessing trust store}, caused by {java.io.IOException: Keystore was tampered with, or password was incorrect}, caused by {java.security.UnrecoverableKeyException: Password verification failed}}]
2026-02-13 00:59:49 DEBUG org.mongodb.driver.cluster - Checking status of docdb-2026-01-06-06-21-53.cfocyuk6aet4.ap-south-1.docdb.amazonaws.com:27017
2026-02-13 00:59:49 DEBUG org.mongodb.driver.cluster - Heartbeat started for docdb-2026-01-06-06-21-53.cfocyuk6aet4.ap-south-1.docdb.amazonaws.com:27017 on connection with driver-generated ID 35 and server-generated ID null in topology with ID ClusterId{value='698e2a0841cef8246b179470', description='null'}. Awaited: false
2026-02-13 00:59:49 DEBUG org.mongodb.driver.cluster - Heartbeat failed in 1 ms for docdb-2026-01-06-06-21-53.cfocyuk6aet4.ap-south-1.docdb.amazonaws.com:27017 on connection with driver-generated ID 35 and server-generated ID null in topology with ID ClusterId{value='698e2a0841cef8246b179470', description='null'}. Awaited: false. Failure: Unable to create default SSLContext
2026-02-13 00:59:50 DEBUG org.mongodb.driver.cluster - Updating cluster description to  {type=REPLICA_SET, servers=[{address=docdb-2026-01-06-06-21-53.cfocyuk6aet4.ap-south-1.docdb.amazonaws.com:27017, type=UNKNOWN, state=CONNECTING, exception={com.mongodb.MongoClientException: Unable to create default SSLContext}, caused by {java.security.NoSuchAlgorithmException: Error constructing implementation (algorithm: Default, provider: SunJSSE, class: sun.security.ssl.SSLContextImpl$DefaultSSLContext)}, caused by {java.security.KeyStoreException: problem accessing trust store}, caused by {java.io.IOException: Keystore was tampered with, or password was incorrect}, caused by {java.security.UnrecoverableKeyException: Password verification failed}}]
2026-02-13 00:59:50 DEBUG org.mongodb.driver.cluster - Checking status of docdb-2026-01-06-06-21-53.cfocyuk6aet4.ap-south-1.docdb.amazonaws.com:27017
2026-02-13 00:59:50 DEBUG org.mongodb.driver.cluster - Heartbeat started for docdb-2026-01-06-06-21-53.cfocyuk6aet4.ap-south-1.docdb.amazonaws.com:27017 on connection with driver-generated ID 36 and server-generated ID null in topology with ID ClusterId{value='698e2a0841cef8246b179470', description='null'}. Awaited: false
2026-02-13 00:59:50 DEBUG org.mongodb.driver.cluster - Heartbeat failed in 2 ms for docdb-2026-01-06-06-21-53.cfocyuk6aet4.ap-south-1.docdb.amazonaws.com:27017 on connection with driver-generated ID 36 and server-generated ID null in topology with ID ClusterId{value='698e2a0841cef8246b179470', description='null'}. Awaited: false. Failure: Unable to create default SSLContext
2026-02-13 00:59:50 DEBUG org.mongodb.driver.cluster - Updating cluster description to  {type=REPLICA_SET, servers=[{address=docdb-2026-01-06-06-21-53.cfocyuk6aet4.ap-south-1.docdb.amazonaws.com:27017, type=UNKNOWN, state=CONNECTING, exception={com.mongodb.MongoClientException: Unable to create default SSLContext}, caused by {java.security.NoSuchAlgorithmException: Error constructing implementation (algorithm: Default, provider: SunJSSE, class: sun.security.ssl.SSLContextImpl$DefaultSSLContext)}, caused by {java.security.KeyStoreException: problem accessing trust store}, caused by {java.io.IOException: Keystore was tampered with, or password was incorrect}, caused by {java.security.UnrecoverableKeyException: Password verification failed}}]
2026-02-13 00:59:51 DEBUG org.mongodb.driver.cluster - Checking status of docdb-2026-01-06-06-21-53.cfocyuk6aet4.ap-south-1.docdb.amazonaws.com:27017
2026-02-13 00:59:51 DEBUG org.mongodb.driver.cluster - Heartbeat started for docdb-2026-01-06-06-21-53.cfocyuk6aet4.ap-south-1.docdb.amazonaws.com:27017 on connection with driver-generated ID 37 and server-generated ID null in topology with ID ClusterId{value='698e2a0841cef8246b179470', description='null'}. Awaited: false
2026-02-13 00:59:51 DEBUG org.mongodb.driver.cluster - Heartbeat failed in 1 ms for docdb-2026-01-06-06-21-53.cfocyuk6aet4.ap-south-1.docdb.amazonaws.com:27017 on connection with driver-generated ID 37 and server-generated ID null in topology with ID ClusterId{value='698e2a0841cef8246b179470', description='null'}. Awaited: false. Failure: Unable to create default SSLContext
2026-02-13 00:59:51 DEBUG org.mongodb.driver.cluster - Updating cluster description to  {type=REPLICA_SET, servers=[{address=docdb-2026-01-06-06-21-53.cfocyuk6aet4.ap-south-1.docdb.amazonaws.com:27017, type=UNKNOWN, state=CONNECTING, exception={com.mongodb.MongoClientException: Unable to create default SSLContext}, caused by {java.security.NoSuchAlgorithmException: Error constructing implementation (algorithm: Default, provider: SunJSSE, class: sun.security.ssl.SSLContextImpl$DefaultSSLContext)}, caused by {java.security.KeyStoreException: problem accessing trust store}, caused by {java.io.IOException: Keystore was tampered with, or password was incorrect}, caused by {java.security.UnrecoverableKeyException: Password verification failed}}]
2026-02-13 00:59:51 DEBUG org.mongodb.driver.cluster - Checking status of docdb-2026-01-06-06-21-53.cfocyuk6aet4.ap-south-1.docdb.amazonaws.com:27017
2026-02-13 00:59:51 DEBUG org.mongodb.driver.cluster - Heartbeat started for docdb-2026-01-06-06-21-53.cfocyuk6aet4.ap-south-1.docdb.amazonaws.com:27017 on connection with driver-generated ID 38 and server-generated ID null in topology with ID ClusterId{value='698e2a0841cef8246b179470', description='null'}. Awaited: false
2026-02-13 00:59:51 DEBUG org.mongodb.driver.cluster - Heartbeat failed in 0 ms for docdb-2026-01-06-06-21-53.cfocyuk6aet4.ap-south-1.docdb.amazonaws.com:27017 on connection with driver-generated ID 38 and server-generated ID null in topology with ID ClusterId{value='698e2a0841cef8246b179470', description='null'}. Awaited: false. Failure: Unable to create default SSLContext
2026-02-13 00:59:51 DEBUG org.mongodb.driver.cluster - Updating cluster description to  {type=REPLICA_SET, servers=[{address=docdb-2026-01-06-06-21-53.cfocyuk6aet4.ap-south-1.docdb.amazonaws.com:27017, type=UNKNOWN, state=CONNECTING, exception={com.mongodb.MongoClientException: Unable to create default SSLContext}, caused by {java.security.NoSuchAlgorithmException: Error constructing implementation (algorithm: Default, provider: SunJSSE, class: sun.security.ssl.SSLContextImpl$DefaultSSLContext)}, caused by {java.security.KeyStoreException: problem accessing trust store}, caused by {java.io.IOException: Keystore was tampered with, or password was incorrect}, caused by {java.security.UnrecoverableKeyException: Password verification failed}}]
2026-02-13 00:59:52 DEBUG org.mongodb.driver.cluster - Checking status of docdb-2026-01-06-06-21-53.cfocyuk6aet4.ap-south-1.docdb.amazonaws.com:27017
2026-02-13 00:59:52 DEBUG org.mongodb.driver.cluster - Heartbeat started for docdb-2026-01-06-06-21-53.cfocyuk6aet4.ap-south-1.docdb.amazonaws.com:27017 on connection with driver-generated ID 39 and server-generated ID null in topology with ID ClusterId{value='698e2a0841cef8246b179470', description='null'}. Awaited: false
2026-02-13 00:59:52 DEBUG org.mongodb.driver.cluster - Heartbeat failed in 4 ms for docdb-2026-01-06-06-21-53.cfocyuk6aet4.ap-south-1.docdb.amazonaws.com:27017 on connection with driver-generated ID 39 and server-generated ID null in topology with ID ClusterId{value='698e2a0841cef8246b179470', description='null'}. Awaited: false. Failure: Unable to create default SSLContext
2026-02-13 00:59:52 DEBUG org.mongodb.driver.cluster - Updating cluster description to  {type=REPLICA_SET, servers=[{address=docdb-2026-01-06-06-21-53.cfocyuk6aet4.ap-south-1.docdb.amazonaws.com:27017, type=UNKNOWN, state=CONNECTING, exception={com.mongodb.MongoClientException: Unable to create default SSLContext}, caused by {java.security.NoSuchAlgorithmException: Error constructing implementation (algorithm: Default, provider: SunJSSE, class: sun.security.ssl.SSLContextImpl$DefaultSSLContext)}, caused by {java.security.KeyStoreException: problem accessing trust store}, caused by {java.io.IOException: Keystore was tampered with, or password was incorrect}, caused by {java.security.UnrecoverableKeyException: Password verification failed}}]
2026-02-13 00:59:52 DEBUG org.mongodb.driver.cluster - Checking status of docdb-2026-01-06-06-21-53.cfocyuk6aet4.ap-south-1.docdb.amazonaws.com:27017
2026-02-13 00:59:52 DEBUG org.mongodb.driver.cluster - Heartbeat started for docdb-2026-01-06-06-21-53.cfocyuk6aet4.ap-south-1.docdb.amazonaws.com:27017 on connection with driver-generated ID 40 and server-generated ID null in topology with ID ClusterId{value='698e2a0841cef8246b179470', description='null'}. Awaited: false
2026-02-13 00:59:52 DEBUG org.mongodb.driver.cluster - Heartbeat failed in 0 ms for docdb-2026-01-06-06-21-53.cfocyuk6aet4.ap-south-1.docdb.amazonaws.com:27017 on connection with driver-generated ID 40 and server-generated ID null in topology with ID ClusterId{value='698e2a0841cef8246b179470', description='null'}. Awaited: false. Failure: Unable to create default SSLContext
2026-02-13 00:59:52 DEBUG org.mongodb.driver.cluster - Updating cluster description to  {type=REPLICA_SET, servers=[{address=docdb-2026-01-06-06-21-53.cfocyuk6aet4.ap-south-1.docdb.amazonaws.com:27017, type=UNKNOWN, state=CONNECTING, exception={com.mongodb.MongoClientException: Unable to create default SSLContext}, caused by {java.security.NoSuchAlgorithmException: Error constructing implementation (algorithm: Default, provider: SunJSSE, class: sun.security.ssl.SSLContextImpl$DefaultSSLContext)}, caused by {java.security.KeyStoreException: problem accessing trust store}, caused by {java.io.IOException: Keystore was tampered with, or password was incorrect}, caused by {java.security.UnrecoverableKeyException: Password verification failed}}]
2026-02-13 00:59:53 DEBUG org.mongodb.driver.cluster - Checking status of docdb-2026-01-06-06-21-53.cfocyuk6aet4.ap-south-1.docdb.amazonaws.com:27017
2026-02-13 00:59:53 DEBUG org.mongodb.driver.cluster - Heartbeat started for docdb-2026-01-06-06-21-53.cfocyuk6aet4.ap-south-1.docdb.amazonaws.com:27017 on connection with driver-generated ID 41 and server-generated ID null in topology with ID ClusterId{value='698e2a0841cef8246b179470', description='null'}. Awaited: false
2026-02-13 00:59:53 DEBUG org.mongodb.driver.cluster - Heartbeat failed in 1 ms for docdb-2026-01-06-06-21-53.cfocyuk6aet4.ap-south-1.docdb.amazonaws.com:27017 on connection with driver-generated ID 41 and server-generated ID null in topology with ID ClusterId{value='698e2a0841cef8246b179470', description='null'}. Awaited: false. Failure: Unable to create default SSLContext
2026-02-13 00:59:53 DEBUG org.mongodb.driver.cluster - Updating cluster description to  {type=REPLICA_SET, servers=[{address=docdb-2026-01-06-06-21-53.cfocyuk6aet4.ap-south-1.docdb.amazonaws.com:27017, type=UNKNOWN, state=CONNECTING, exception={com.mongodb.MongoClientException: Unable to create default SSLContext}, caused by {java.security.NoSuchAlgorithmException: Error constructing implementation (algorithm: Default, provider: SunJSSE, class: sun.security.ssl.SSLContextImpl$DefaultSSLContext)}, caused by {java.security.KeyStoreException: problem accessing trust store}, caused by {java.io.IOException: Keystore was tampered with, or password was incorrect}, caused by {java.security.UnrecoverableKeyException: Password verification failed}}]
2026-02-13 00:59:53 DEBUG org.mongodb.driver.cluster - Checking status of docdb-2026-01-06-06-21-53.cfocyuk6aet4.ap-south-1.docdb.amazonaws.com:27017
2026-02-13 00:59:53 DEBUG org.mongodb.driver.cluster - Heartbeat started for docdb-2026-01-06-06-21-53.cfocyuk6aet4.ap-south-1.docdb.amazonaws.com:27017 on connection with driver-generated ID 42 and server-generated ID null in topology with ID ClusterId{value='698e2a0841cef8246b179470', description='null'}. Awaited: false
2026-02-13 00:59:53 DEBUG org.mongodb.driver.cluster - Heartbeat failed in 0 ms for docdb-2026-01-06-06-21-53.cfocyuk6aet4.ap-south-1.docdb.amazonaws.com:27017 on connection with driver-generated ID 42 and server-generated ID null in topology with ID ClusterId{value='698e2a0841cef8246b179470', description='null'}. Awaited: false. Failure: Unable to create default SSLContext
2026-02-13 00:59:54 DEBUG org.mongodb.driver.cluster - Updating cluster description to  {type=REPLICA_SET, servers=[{address=docdb-2026-01-06-06-21-53.cfocyuk6aet4.ap-south-1.docdb.amazonaws.com:27017, type=UNKNOWN, state=CONNECTING, exception={com.mongodb.MongoClientException: Unable to create default SSLContext}, caused by {java.security.NoSuchAlgorithmException: Error constructing implementation (algorithm: Default, provider: SunJSSE, class: sun.security.ssl.SSLContextImpl$DefaultSSLContext)}, caused by {java.security.KeyStoreException: problem accessing trust store}, caused by {java.io.IOException: Keystore was tampered with, or password was incorrect}, caused by {java.security.UnrecoverableKeyException: Password verification failed}}]
2026-02-13 00:59:54 DEBUG org.mongodb.driver.cluster - Checking status of docdb-2026-01-06-06-21-53.cfocyuk6aet4.ap-south-1.docdb.amazonaws.com:27017
2026-02-13 00:59:54 DEBUG org.mongodb.driver.cluster - Heartbeat started for docdb-2026-01-06-06-21-53.cfocyuk6aet4.ap-south-1.docdb.amazonaws.com:27017 on connection with driver-generated ID 43 and server-generated ID null in topology with ID ClusterId{value='698e2a0841cef8246b179470', description='null'}. Awaited: false
2026-02-13 00:59:54 DEBUG org.mongodb.driver.cluster - Heartbeat failed in 0 ms for docdb-2026-01-06-06-21-53.cfocyuk6aet4.ap-south-1.docdb.amazonaws.com:27017 on connection with driver-generated ID 43 and server-generated ID null in topology with ID ClusterId{value='698e2a0841cef8246b179470', description='null'}. Awaited: false. Failure: Unable to create default SSLContext
2026-02-13 00:59:54 DEBUG org.mongodb.driver.cluster - Updating cluster description to  {type=REPLICA_SET, servers=[{address=docdb-2026-01-06-06-21-53.cfocyuk6aet4.ap-south-1.docdb.amazonaws.com:27017, type=UNKNOWN, state=CONNECTING, exception={com.mongodb.MongoClientException: Unable to create default SSLContext}, caused by {java.security.NoSuchAlgorithmException: Error constructing implementation (algorithm: Default, provider: SunJSSE, class: sun.security.ssl.SSLContextImpl$DefaultSSLContext)}, caused by {java.security.KeyStoreException: problem accessing trust store}, caused by {java.io.IOException: Keystore was tampered with, or password was incorrect}, caused by {java.security.UnrecoverableKeyException: Password verification failed}}]
2026-02-13 00:59:55 DEBUG org.mongodb.driver.cluster - Checking status of docdb-2026-01-06-06-21-53.cfocyuk6aet4.ap-south-1.docdb.amazonaws.com:27017
2026-02-13 00:59:55 DEBUG org.mongodb.driver.cluster - Heartbeat started for docdb-2026-01-06-06-21-53.cfocyuk6aet4.ap-south-1.docdb.amazonaws.com:27017 on connection with driver-generated ID 44 and server-generated ID null in topology with ID ClusterId{value='698e2a0841cef8246b179470', description='null'}. Awaited: false
2026-02-13 00:59:55 DEBUG org.mongodb.driver.cluster - Heartbeat failed in 0 ms for docdb-2026-01-06-06-21-53.cfocyuk6aet4.ap-south-1.docdb.amazonaws.com:27017 on connection with driver-generated ID 44 and server-generated ID null in topology with ID ClusterId{value='698e2a0841cef8246b179470', description='null'}. Awaited: false. Failure: Unable to create default SSLContext
2026-02-13 00:59:55 DEBUG org.mongodb.driver.cluster - Updating cluster description to  {type=REPLICA_SET, servers=[{address=docdb-2026-01-06-06-21-53.cfocyuk6aet4.ap-south-1.docdb.amazonaws.com:27017, type=UNKNOWN, state=CONNECTING, exception={com.mongodb.MongoClientException: Unable to create default SSLContext}, caused by {java.security.NoSuchAlgorithmException: Error constructing implementation (algorithm: Default, provider: SunJSSE, class: sun.security.ssl.SSLContextImpl$DefaultSSLContext)}, caused by {java.security.KeyStoreException: problem accessing trust store}, caused by {java.io.IOException: Keystore was tampered with, or password was incorrect}, caused by {java.security.UnrecoverableKeyException: Password verification failed}}]
2026-02-13 00:59:55 DEBUG org.mongodb.driver.cluster - Checking status of docdb-2026-01-06-06-21-53.cfocyuk6aet4.ap-south-1.docdb.amazonaws.com:27017
2026-02-13 00:59:55 DEBUG org.mongodb.driver.cluster - Heartbeat started for docdb-2026-01-06-06-21-53.cfocyuk6aet4.ap-south-1.docdb.amazonaws.com:27017 on connection with driver-generated ID 45 and server-generated ID null in topology with ID ClusterId{value='698e2a0841cef8246b179470', description='null'}. Awaited: false
2026-02-13 00:59:55 DEBUG org.mongodb.driver.cluster - Heartbeat failed in 0 ms for docdb-2026-01-06-06-21-53.cfocyuk6aet4.ap-south-1.docdb.amazonaws.com:27017 on connection with driver-generated ID 45 and server-generated ID null in topology with ID ClusterId{value='698e2a0841cef8246b179470', description='null'}. Awaited: false. Failure: Unable to create default SSLContext
2026-02-13 00:59:55 DEBUG org.mongodb.driver.cluster - Updating cluster description to  {type=REPLICA_SET, servers=[{address=docdb-2026-01-06-06-21-53.cfocyuk6aet4.ap-south-1.docdb.amazonaws.com:27017, type=UNKNOWN, state=CONNECTING, exception={com.mongodb.MongoClientException: Unable to create default SSLContext}, caused by {java.security.NoSuchAlgorithmException: Error constructing implementation (algorithm: Default, provider: SunJSSE, class: sun.security.ssl.SSLContextImpl$DefaultSSLContext)}, caused by {java.security.KeyStoreException: problem accessing trust store}, caused by {java.io.IOException: Keystore was tampered with, or password was incorrect}, caused by {java.security.UnrecoverableKeyException: Password verification failed}}]
2026-02-13 00:59:56 DEBUG org.mongodb.driver.cluster - Checking status of docdb-2026-01-06-06-21-53.cfocyuk6aet4.ap-south-1.docdb.amazonaws.com:27017
2026-02-13 00:59:56 DEBUG org.mongodb.driver.cluster - Heartbeat started for docdb-2026-01-06-06-21-53.cfocyuk6aet4.ap-south-1.docdb.amazonaws.com:27017 on connection with driver-generated ID 46 and server-generated ID null in topology with ID ClusterId{value='698e2a0841cef8246b179470', description='null'}. Awaited: false
2026-02-13 00:59:56 DEBUG org.mongodb.driver.cluster - Heartbeat failed in 4 ms for docdb-2026-01-06-06-21-53.cfocyuk6aet4.ap-south-1.docdb.amazonaws.com:27017 on connection with driver-generated ID 46 and server-generated ID null in topology with ID ClusterId{value='698e2a0841cef8246b179470', description='null'}. Awaited: false. Failure: Unable to create default SSLContext
2026-02-13 00:59:56 DEBUG org.mongodb.driver.cluster - Updating cluster description to  {type=REPLICA_SET, servers=[{address=docdb-2026-01-06-06-21-53.cfocyuk6aet4.ap-south-1.docdb.amazonaws.com:27017, type=UNKNOWN, state=CONNECTING, exception={com.mongodb.MongoClientException: Unable to create default SSLContext}, caused by {java.security.NoSuchAlgorithmException: Error constructing implementation (algorithm: Default, provider: SunJSSE, class: sun.security.ssl.SSLContextImpl$DefaultSSLContext)}, caused by {java.security.KeyStoreException: problem accessing trust store}, caused by {java.io.IOException: Keystore was tampered with, or password was incorrect}, caused by {java.security.UnrecoverableKeyException: Password verification failed}}]
2026-02-13 00:59:57 DEBUG org.mongodb.driver.cluster - Checking status of docdb-2026-01-06-06-21-53.cfocyuk6aet4.ap-south-1.docdb.amazonaws.com:27017
2026-02-13 00:59:57 DEBUG org.mongodb.driver.cluster - Heartbeat started for docdb-2026-01-06-06-21-53.cfocyuk6aet4.ap-south-1.docdb.amazonaws.com:27017 on connection with driver-generated ID 47 and server-generated ID null in topology with ID ClusterId{value='698e2a0841cef8246b179470', description='null'}. Awaited: false
2026-02-13 00:59:57 DEBUG org.mongodb.driver.cluster - Heartbeat failed in 0 ms for docdb-2026-01-06-06-21-53.cfocyuk6aet4.ap-south-1.docdb.amazonaws.com:27017 on connection with driver-generated ID 47 and server-generated ID null in topology with ID ClusterId{value='698e2a0841cef8246b179470', description='null'}. Awaited: false. Failure: Unable to create default SSLContext
2026-02-13 00:59:57 DEBUG org.mongodb.driver.cluster - Updating cluster description to  {type=REPLICA_SET, servers=[{address=docdb-2026-01-06-06-21-53.cfocyuk6aet4.ap-south-1.docdb.amazonaws.com:27017, type=UNKNOWN, state=CONNECTING, exception={com.mongodb.MongoClientException: Unable to create default SSLContext}, caused by {java.security.NoSuchAlgorithmException: Error constructing implementation (algorithm: Default, provider: SunJSSE, class: sun.security.ssl.SSLContextImpl$DefaultSSLContext)}, caused by {java.security.KeyStoreException: problem accessing trust store}, caused by {java.io.IOException: Keystore was tampered with, or password was incorrect}, caused by {java.security.UnrecoverableKeyException: Password verification failed}}]
2026-02-13 00:59:57 DEBUG org.mongodb.driver.cluster - Checking status of docdb-2026-01-06-06-21-53.cfocyuk6aet4.ap-south-1.docdb.amazonaws.com:27017
2026-02-13 00:59:57 DEBUG org.mongodb.driver.cluster - Heartbeat started for docdb-2026-01-06-06-21-53.cfocyuk6aet4.ap-south-1.docdb.amazonaws.com:27017 on connection with driver-generated ID 48 and server-generated ID null in topology with ID ClusterId{value='698e2a0841cef8246b179470', description='null'}. Awaited: false
2026-02-13 00:59:57 DEBUG org.mongodb.driver.cluster - Heartbeat failed in 1 ms for docdb-2026-01-06-06-21-53.cfocyuk6aet4.ap-south-1.docdb.amazonaws.com:27017 on connection with driver-generated ID 48 and server-generated ID null in topology with ID ClusterId{value='698e2a0841cef8246b179470', description='null'}. Awaited: false. Failure: Unable to create default SSLContext
2026-02-13 00:59:57 DEBUG org.mongodb.driver.cluster - Updating cluster description to  {type=REPLICA_SET, servers=[{address=docdb-2026-01-06-06-21-53.cfocyuk6aet4.ap-south-1.docdb.amazonaws.com:27017, type=UNKNOWN, state=CONNECTING, exception={com.mongodb.MongoClientException: Unable to create default SSLContext}, caused by {java.security.NoSuchAlgorithmException: Error constructing implementation (algorithm: Default, provider: SunJSSE, class: sun.security.ssl.SSLContextImpl$DefaultSSLContext)}, caused by {java.security.KeyStoreException: problem accessing trust store}, caused by {java.io.IOException: Keystore was tampered with, or password was incorrect}, caused by {java.security.UnrecoverableKeyException: Password verification failed}}]
2026-02-13 00:59:58 DEBUG org.mongodb.driver.cluster - Checking status of docdb-2026-01-06-06-21-53.cfocyuk6aet4.ap-south-1.docdb.amazonaws.com:27017
2026-02-13 00:59:58 DEBUG org.mongodb.driver.cluster - Heartbeat started for docdb-2026-01-06-06-21-53.cfocyuk6aet4.ap-south-1.docdb.amazonaws.com:27017 on connection with driver-generated ID 49 and server-generated ID null in topology with ID ClusterId{value='698e2a0841cef8246b179470', description='null'}. Awaited: false
2026-02-13 00:59:58 DEBUG org.mongodb.driver.cluster - Heartbeat failed in 0 ms for docdb-2026-01-06-06-21-53.cfocyuk6aet4.ap-south-1.docdb.amazonaws.com:27017 on connection with driver-generated ID 49 and server-generated ID null in topology with ID ClusterId{value='698e2a0841cef8246b179470', description='null'}. Awaited: false. Failure: Unable to create default SSLContext
2026-02-13 00:59:58 DEBUG org.mongodb.driver.cluster - Updating cluster description to  {type=REPLICA_SET, servers=[{address=docdb-2026-01-06-06-21-53.cfocyuk6aet4.ap-south-1.docdb.amazonaws.com:27017, type=UNKNOWN, state=CONNECTING, exception={com.mongodb.MongoClientException: Unable to create default SSLContext}, caused by {java.security.NoSuchAlgorithmException: Error constructing implementation (algorithm: Default, provider: SunJSSE, class: sun.security.ssl.SSLContextImpl$DefaultSSLContext)}, caused by {java.security.KeyStoreException: problem accessing trust store}, caused by {java.io.IOException: Keystore was tampered with, or password was incorrect}, caused by {java.security.UnrecoverableKeyException: Password verification failed}}]
2026-02-13 00:59:58 DEBUG org.mongodb.driver.cluster - Checking status of docdb-2026-01-06-06-21-53.cfocyuk6aet4.ap-south-1.docdb.amazonaws.com:27017
2026-02-13 00:59:58 DEBUG org.mongodb.driver.cluster - Heartbeat started for docdb-2026-01-06-06-21-53.cfocyuk6aet4.ap-south-1.docdb.amazonaws.com:27017 on connection with driver-generated ID 50 and server-generated ID null in topology with ID ClusterId{value='698e2a0841cef8246b179470', description='null'}. Awaited: false
2026-02-13 00:59:58 DEBUG org.mongodb.driver.cluster - Heartbeat failed in 6 ms for docdb-2026-01-06-06-21-53.cfocyuk6aet4.ap-south-1.docdb.amazonaws.com:27017 on connection with driver-generated ID 50 and server-generated ID null in topology with ID ClusterId{value='698e2a0841cef8246b179470', description='null'}. Awaited: false. Failure: Unable to create default SSLContext
2026-02-13 00:59:58 DEBUG org.mongodb.driver.cluster - Updating cluster description to  {type=REPLICA_SET, servers=[{address=docdb-2026-01-06-06-21-53.cfocyuk6aet4.ap-south-1.docdb.amazonaws.com:27017, type=UNKNOWN, state=CONNECTING, exception={com.mongodb.MongoClientException: Unable to create default SSLContext}, caused by {java.security.NoSuchAlgorithmException: Error constructing implementation (algorithm: Default, provider: SunJSSE, class: sun.security.ssl.SSLContextImpl$DefaultSSLContext)}, caused by {java.security.KeyStoreException: problem accessing trust store}, caused by {java.io.IOException: Keystore was tampered with, or password was incorrect}, caused by {java.security.UnrecoverableKeyException: Password verification failed}}]
2026-02-13 00:59:59 DEBUG org.mongodb.driver.cluster - Checking status of docdb-2026-01-06-06-21-53.cfocyuk6aet4.ap-south-1.docdb.amazonaws.com:27017
2026-02-13 00:59:59 DEBUG org.mongodb.driver.cluster - Heartbeat started for docdb-2026-01-06-06-21-53.cfocyuk6aet4.ap-south-1.docdb.amazonaws.com:27017 on connection with driver-generated ID 51 and server-generated ID null in topology with ID ClusterId{value='698e2a0841cef8246b179470', description='null'}. Awaited: false
2026-02-13 00:59:59 DEBUG org.mongodb.driver.cluster - Heartbeat failed in 0 ms for docdb-2026-01-06-06-21-53.cfocyuk6aet4.ap-south-1.docdb.amazonaws.com:27017 on connection with driver-generated ID 51 and server-generated ID null in topology with ID ClusterId{value='698e2a0841cef8246b179470', description='null'}. Awaited: false. Failure: Unable to create default SSLContext
2026-02-13 00:59:59 DEBUG org.mongodb.driver.cluster - Updating cluster description to  {type=REPLICA_SET, servers=[{address=docdb-2026-01-06-06-21-53.cfocyuk6aet4.ap-south-1.docdb.amazonaws.com:27017, type=UNKNOWN, state=CONNECTING, exception={com.mongodb.MongoClientException: Unable to create default SSLContext}, caused by {java.security.NoSuchAlgorithmException: Error constructing implementation (algorithm: Default, provider: SunJSSE, class: sun.security.ssl.SSLContextImpl$DefaultSSLContext)}, caused by {java.security.KeyStoreException: problem accessing trust store}, caused by {java.io.IOException: Keystore was tampered with, or password was incorrect}, caused by {java.security.UnrecoverableKeyException: Password verification failed}}]
2026-02-13 00:59:59 DEBUG org.mongodb.driver.cluster - Checking status of docdb-2026-01-06-06-21-53.cfocyuk6aet4.ap-south-1.docdb.amazonaws.com:27017
2026-02-13 00:59:59 DEBUG org.mongodb.driver.cluster - Heartbeat started for docdb-2026-01-06-06-21-53.cfocyuk6aet4.ap-south-1.docdb.amazonaws.com:27017 on connection with driver-generated ID 52 and server-generated ID null in topology with ID ClusterId{value='698e2a0841cef8246b179470', description='null'}. Awaited: false
2026-02-13 00:59:59 DEBUG org.mongodb.driver.cluster - Heartbeat failed in 0 ms for docdb-2026-01-06-06-21-53.cfocyuk6aet4.ap-south-1.docdb.amazonaws.com:27017 on connection with driver-generated ID 52 and server-generated ID null in topology with ID ClusterId{value='698e2a0841cef8246b179470', description='null'}. Awaited: false. Failure: Unable to create default SSLContext
2026-02-13 00:59:59 DEBUG org.mongodb.driver.cluster - Updating cluster description to  {type=REPLICA_SET, servers=[{address=docdb-2026-01-06-06-21-53.cfocyuk6aet4.ap-south-1.docdb.amazonaws.com:27017, type=UNKNOWN, state=CONNECTING, exception={com.mongodb.MongoClientException: Unable to create default SSLContext}, caused by {java.security.NoSuchAlgorithmException: Error constructing implementation (algorithm: Default, provider: SunJSSE, class: sun.security.ssl.SSLContextImpl$DefaultSSLContext)}, caused by {java.security.KeyStoreException: problem accessing trust store}, caused by {java.io.IOException: Keystore was tampered with, or password was incorrect}, caused by {java.security.UnrecoverableKeyException: Password verification failed}}]
2026-02-13 01:00:00 DEBUG org.mongodb.driver.cluster - Checking status of docdb-2026-01-06-06-21-53.cfocyuk6aet4.ap-south-1.docdb.amazonaws.com:27017
2026-02-13 01:00:00 DEBUG org.mongodb.driver.cluster - Heartbeat started for docdb-2026-01-06-06-21-53.cfocyuk6aet4.ap-south-1.docdb.amazonaws.com:27017 on connection with driver-generated ID 53 and server-generated ID null in topology with ID ClusterId{value='698e2a0841cef8246b179470', description='null'}. Awaited: false
2026-02-13 01:00:00 DEBUG org.mongodb.driver.cluster - Heartbeat failed in 0 ms for docdb-2026-01-06-06-21-53.cfocyuk6aet4.ap-south-1.docdb.amazonaws.com:27017 on connection with driver-generated ID 53 and server-generated ID null in topology with ID ClusterId{value='698e2a0841cef8246b179470', description='null'}. Awaited: false. Failure: Unable to create default SSLContext
2026-02-13 01:00:00 DEBUG org.mongodb.driver.cluster - Updating cluster description to  {type=REPLICA_SET, servers=[{address=docdb-2026-01-06-06-21-53.cfocyuk6aet4.ap-south-1.docdb.amazonaws.com:27017, type=UNKNOWN, state=CONNECTING, exception={com.mongodb.MongoClientException: Unable to create default SSLContext}, caused by {java.security.NoSuchAlgorithmException: Error constructing implementation (algorithm: Default, provider: SunJSSE, class: sun.security.ssl.SSLContextImpl$DefaultSSLContext)}, caused by {java.security.KeyStoreException: problem accessing trust store}, caused by {java.io.IOException: Keystore was tampered with, or password was incorrect}, caused by {java.security.UnrecoverableKeyException: Password verification failed}}]
2026-02-13 01:00:00 DEBUG org.mongodb.driver.cluster - Checking status of docdb-2026-01-06-06-21-53.cfocyuk6aet4.ap-south-1.docdb.amazonaws.com:27017
2026-02-13 01:00:00 DEBUG org.mongodb.driver.cluster - Heartbeat started for docdb-2026-01-06-06-21-53.cfocyuk6aet4.ap-south-1.docdb.amazonaws.com:27017 on connection with driver-generated ID 54 and server-generated ID null in topology with ID ClusterId{value='698e2a0841cef8246b179470', description='null'}. Awaited: false
2026-02-13 01:00:00 DEBUG org.mongodb.driver.cluster - Heartbeat failed in 0 ms for docdb-2026-01-06-06-21-53.cfocyuk6aet4.ap-south-1.docdb.amazonaws.com:27017 on connection with driver-generated ID 54 and server-generated ID null in topology with ID ClusterId{value='698e2a0841cef8246b179470', description='null'}. Awaited: false. Failure: Unable to create default SSLContext
2026-02-13 01:00:00 DEBUG org.mongodb.driver.cluster - Updating cluster description to  {type=REPLICA_SET, servers=[{address=docdb-2026-01-06-06-21-53.cfocyuk6aet4.ap-south-1.docdb.amazonaws.com:27017, type=UNKNOWN, state=CONNECTING, exception={com.mongodb.MongoClientException: Unable to create default SSLContext}, caused by {java.security.NoSuchAlgorithmException: Error constructing implementation (algorithm: Default, provider: SunJSSE, class: sun.security.ssl.SSLContextImpl$DefaultSSLContext)}, caused by {java.security.KeyStoreException: problem accessing trust store}, caused by {java.io.IOException: Keystore was tampered with, or password was incorrect}, caused by {java.security.UnrecoverableKeyException: Password verification failed}}]
2026-02-13 01:00:01 DEBUG org.mongodb.driver.cluster - Checking status of docdb-2026-01-06-06-21-53.cfocyuk6aet4.ap-south-1.docdb.amazonaws.com:27017
2026-02-13 01:00:01 DEBUG org.mongodb.driver.cluster - Heartbeat started for docdb-2026-01-06-06-21-53.cfocyuk6aet4.ap-south-1.docdb.amazonaws.com:27017 on connection with driver-generated ID 55 and server-generated ID null in topology with ID ClusterId{value='698e2a0841cef8246b179470', description='null'}. Awaited: false
2026-02-13 01:00:01 DEBUG org.mongodb.driver.cluster - Heartbeat failed in 0 ms for docdb-2026-01-06-06-21-53.cfocyuk6aet4.ap-south-1.docdb.amazonaws.com:27017 on connection with driver-generated ID 55 and server-generated ID null in topology with ID ClusterId{value='698e2a0841cef8246b179470', description='null'}. Awaited: false. Failure: Unable to create default SSLContext
2026-02-13 01:00:01 DEBUG org.mongodb.driver.cluster - Updating cluster description to  {type=REPLICA_SET, servers=[{address=docdb-2026-01-06-06-21-53.cfocyuk6aet4.ap-south-1.docdb.amazonaws.com:27017, type=UNKNOWN, state=CONNECTING, exception={com.mongodb.MongoClientException: Unable to create default SSLContext}, caused by {java.security.NoSuchAlgorithmException: Error constructing implementation (algorithm: Default, provider: SunJSSE, class: sun.security.ssl.SSLContextImpl$DefaultSSLContext)}, caused by {java.security.KeyStoreException: problem accessing trust store}, caused by {java.io.IOException: Keystore was tampered with, or password was incorrect}, caused by {java.security.UnrecoverableKeyException: Password verification failed}}]
2026-02-13 01:00:01 DEBUG org.mongodb.driver.cluster - Checking status of docdb-2026-01-06-06-21-53.cfocyuk6aet4.ap-south-1.docdb.amazonaws.com:27017
2026-02-13 01:00:01 DEBUG org.mongodb.driver.cluster - Heartbeat started for docdb-2026-01-06-06-21-53.cfocyuk6aet4.ap-south-1.docdb.amazonaws.com:27017 on connection with driver-generated ID 56 and server-generated ID null in topology with ID ClusterId{value='698e2a0841cef8246b179470', description='null'}. Awaited: false
2026-02-13 01:00:01 DEBUG org.mongodb.driver.cluster - Heartbeat failed in 0 ms for docdb-2026-01-06-06-21-53.cfocyuk6aet4.ap-south-1.docdb.amazonaws.com:27017 on connection with driver-generated ID 56 and server-generated ID null in topology with ID ClusterId{value='698e2a0841cef8246b179470', description='null'}. Awaited: false. Failure: Unable to create default SSLContext
2026-02-13 01:00:01 DEBUG org.mongodb.driver.cluster - Updating cluster description to  {type=REPLICA_SET, servers=[{address=docdb-2026-01-06-06-21-53.cfocyuk6aet4.ap-south-1.docdb.amazonaws.com:27017, type=UNKNOWN, state=CONNECTING, exception={com.mongodb.MongoClientException: Unable to create default SSLContext}, caused by {java.security.NoSuchAlgorithmException: Error constructing implementation (algorithm: Default, provider: SunJSSE, class: sun.security.ssl.SSLContextImpl$DefaultSSLContext)}, caused by {java.security.KeyStoreException: problem accessing trust store}, caused by {java.io.IOException: Keystore was tampered with, or password was incorrect}, caused by {java.security.UnrecoverableKeyException: Password verification failed}}]
2026-02-13 01:00:02 DEBUG org.mongodb.driver.cluster - Checking status of docdb-2026-01-06-06-21-53.cfocyuk6aet4.ap-south-1.docdb.amazonaws.com:27017
2026-02-13 01:00:02 DEBUG org.mongodb.driver.cluster - Heartbeat started for docdb-2026-01-06-06-21-53.cfocyuk6aet4.ap-south-1.docdb.amazonaws.com:27017 on connection with driver-generated ID 57 and server-generated ID null in topology with ID ClusterId{value='698e2a0841cef8246b179470', description='null'}. Awaited: false
2026-02-13 01:00:02 DEBUG org.mongodb.driver.cluster - Heartbeat failed in 0 ms for docdb-2026-01-06-06-21-53.cfocyuk6aet4.ap-south-1.docdb.amazonaws.com:27017 on connection with driver-generated ID 57 and server-generated ID null in topology with ID ClusterId{value='698e2a0841cef8246b179470', description='null'}. Awaited: false. Failure: Unable to create default SSLContext
2026-02-13 01:00:02 DEBUG org.mongodb.driver.cluster - Updating cluster description to  {type=REPLICA_SET, servers=[{address=docdb-2026-01-06-06-21-53.cfocyuk6aet4.ap-south-1.docdb.amazonaws.com:27017, type=UNKNOWN, state=CONNECTING, exception={com.mongodb.MongoClientException: Unable to create default SSLContext}, caused by {java.security.NoSuchAlgorithmException: Error constructing implementation (algorithm: Default, provider: SunJSSE, class: sun.security.ssl.SSLContextImpl$DefaultSSLContext)}, caused by {java.security.KeyStoreException: problem accessing trust store}, caused by {java.io.IOException: Keystore was tampered with, or password was incorrect}, caused by {java.security.UnrecoverableKeyException: Password verification failed}}]
2026-02-13 01:00:02 DEBUG org.mongodb.driver.cluster - Server selection failed for operation aggregate with ID 4. Failure: com.mongodb.MongoTimeoutException: Timed out while waiting for a suitable server. Selector: ReadPreferenceServerSelector{readPreference=ReadPreference{name=secondaryPreferred, hedgeOptions=null}}, topology description: {type=REPLICA_SET, servers=[{address=docdb-2026-01-06-06-21-53.cfocyuk6aet4.ap-south-1.docdb.amazonaws.com:27017, type=UNKNOWN, state=CONNECTING, exception={com.mongodb.MongoClientException: Unable to create default SSLContext}, caused by {java.security.NoSuchAlgorithmException: Error constructing implementation (algorithm: Default, provider: SunJSSE, class: sun.security.ssl.SSLContextImpl$DefaultSSLContext)}, caused by {java.security.KeyStoreException: problem accessing trust store}, caused by {java.io.IOException: Keystore was tampered with, or password was incorrect}, caused by {java.security.UnrecoverableKeyException: Password verification failed}}]
2026-02-13 01:00:02 DEBUG org.mongodb.driver.operation - Unable to retry an operation due to the error "com.mongodb.MongoTimeoutException: Timed out while waiting for a server that matches ReadPreferenceServerSelector{readPreference=ReadPreference{name=secondaryPreferred, hedgeOptions=null}}. Client view of cluster state is {type=REPLICA_SET, servers=[{address=docdb-2026-01-06-06-21-53.cfocyuk6aet4.ap-south-1.docdb.amazonaws.com:27017, type=UNKNOWN, state=CONNECTING, exception={com.mongodb.MongoClientException: Unable to create default SSLContext}, caused by {java.security.NoSuchAlgorithmException: Error constructing implementation (algorithm: Default, provider: SunJSSE, class: sun.security.ssl.SSLContextImpl$DefaultSSLContext)}, caused by {java.security.KeyStoreException: problem accessing trust store}, caused by {java.io.IOException: Keystore was tampered with, or password was incorrect}, caused by {java.security.UnrecoverableKeyException: Password verification failed}}]"
2026-02-13 01:00:02 INFO  com.ess.mongoexp.App - com.mongodb.MongoTimeoutException: Timed out while waiting for a server that matches ReadPreferenceServerSelector{readPreference=ReadPreference{name=secondaryPreferred, hedgeOptions=null}}. Client view of cluster state is {type=REPLICA_SET, servers=[{address=docdb-2026-01-06-06-21-53.cfocyuk6aet4.ap-south-1.docdb.amazonaws.com:27017, type=UNKNOWN, state=CONNECTING, exception={com.mongodb.MongoClientException: Unable to create default SSLContext}, caused by {java.security.NoSuchAlgorithmException: Error constructing implementation (algorithm: Default, provider: SunJSSE, class: sun.security.ssl.SSLContextImpl$DefaultSSLContext)}, caused by {java.security.KeyStoreException: problem accessing trust store}, caused by {java.io.IOException: Keystore was tampered with, or password was incorrect}, caused by {java.security.UnrecoverableKeyException: Password verification failed}}]
2026-02-13 01:00:02 INFO  com.ess.mongoexp.App - Inside Callback for Metric: Total_users_Tom_Cruise
2026-02-13 01:00:02 INFO  com.ess.mongoexp.App - metric.query = [
  {
    $match: {
      name: "Tom Cruise"
    }
  },
  {
    $count: "total"
  }
]

2026-02-13 01:00:02 DEBUG org.mongodb.driver.cluster - Server selection started for operation aggregate with ID 60. Selector: ReadPreferenceServerSelector{readPreference=ReadPreference{name=secondaryPreferred, hedgeOptions=null}}, topology description: {type=REPLICA_SET, servers=[{address=docdb-2026-01-06-06-21-53.cfocyuk6aet4.ap-south-1.docdb.amazonaws.com:27017, type=UNKNOWN, state=CONNECTING, exception={com.mongodb.MongoClientException: Unable to create default SSLContext}, caused by {java.security.NoSuchAlgorithmException: Error constructing implementation (algorithm: Default, provider: SunJSSE, class: sun.security.ssl.SSLContextImpl$DefaultSSLContext)}, caused by {java.security.KeyStoreException: problem accessing trust store}, caused by {java.io.IOException: Keystore was tampered with, or password was incorrect}, caused by {java.security.UnrecoverableKeyException: Password verification failed}}]
2026-02-13 01:00:02 INFO  org.mongodb.driver.cluster - Waiting for server to become available for operation aggregate with ID 60. Remaining time: 29999 ms. Selector: ReadPreferenceServerSelector{readPreference=ReadPreference{name=secondaryPreferred, hedgeOptions=null}}, topology description: {type=REPLICA_SET, servers=[{address=docdb-2026-01-06-06-21-53.cfocyuk6aet4.ap-south-1.docdb.amazonaws.com:27017, type=UNKNOWN, state=CONNECTING, exception={com.mongodb.MongoClientException: Unable to create default SSLContext}, caused by {java.security.NoSuchAlgorithmException: Error constructing implementation (algorithm: Default, provider: SunJSSE, class: sun.security.ssl.SSLContextImpl$DefaultSSLContext)}, caused by {java.security.KeyStoreException: problem accessing trust store}, caused by {java.io.IOException: Keystore was tampered with, or password was incorrect}, caused by {java.security.UnrecoverableKeyException: Password verification failed}}].
2026-02-13 01:00:02 DEBUG org.mongodb.driver.cluster - Checking status of docdb-2026-01-06-06-21-53.cfocyuk6aet4.ap-south-1.docdb.amazonaws.com:27017
2026-02-13 01:00:02 DEBUG org.mongodb.driver.cluster - Heartbeat started for docdb-2026-01-06-06-21-53.cfocyuk6aet4.ap-south-1.docdb.amazonaws.com:27017 on connection with driver-generated ID 58 and server-generated ID null in topology with ID ClusterId{value='698e2a0841cef8246b179470', description='null'}. Awaited: false
2026-02-13 01:00:02 DEBUG org.mongodb.driver.cluster - Heartbeat failed in 0 ms for docdb-2026-01-06-06-21-53.cfocyuk6aet4.ap-south-1.docdb.amazonaws.com:27017 on connection with driver-generated ID 58 and server-generated ID null in topology with ID ClusterId{value='698e2a0841cef8246b179470', description='null'}. Awaited: false. Failure: Unable to create default SSLContext
2026-02-13 01:00:02 DEBUG org.mongodb.driver.cluster - Updating cluster description to  {type=REPLICA_SET, servers=[{address=docdb-2026-01-06-06-21-53.cfocyuk6aet4.ap-south-1.docdb.amazonaws.com:27017, type=UNKNOWN, state=CONNECTING, exception={com.mongodb.MongoClientException: Unable to create default SSLContext}, caused by {java.security.NoSuchAlgorithmException: Error constructing implementation (algorithm: Default, provider: SunJSSE, class: sun.security.ssl.SSLContextImpl$DefaultSSLContext)}, caused by {java.security.KeyStoreException: problem accessing trust store}, caused by {java.io.IOException: Keystore was tampered with, or password was incorrect}, caused by {java.security.UnrecoverableKeyException: Password verification failed}}]
2026-02-13 01:00:03 DEBUG org.mongodb.driver.cluster - Checking status of docdb-2026-01-06-06-21-53.cfocyuk6aet4.ap-south-1.docdb.amazonaws.com:27017
2026-02-13 01:00:03 DEBUG org.mongodb.driver.cluster - Heartbeat started for docdb-2026-01-06-06-21-53.cfocyuk6aet4.ap-south-1.docdb.amazonaws.com:27017 on connection with driver-generated ID 59 and server-generated ID null in topology with ID ClusterId{value='698e2a0841cef8246b179470', description='null'}. Awaited: false
2026-02-13 01:00:03 DEBUG org.mongodb.driver.cluster - Heartbeat failed in 15 ms for docdb-2026-01-06-06-21-53.cfocyuk6aet4.ap-south-1.docdb.amazonaws.com:27017 on connection with driver-generated ID 59 and server-generated ID null in topology with ID ClusterId{value='698e2a0841cef8246b179470', description='null'}. Awaited: false. Failure: Unable to create default SSLContext
2026-02-13 01:00:03 DEBUG org.mongodb.driver.cluster - Updating cluster description to  {type=REPLICA_SET, servers=[{address=docdb-2026-01-06-06-21-53.cfocyuk6aet4.ap-south-1.docdb.amazonaws.com:27017, type=UNKNOWN, state=CONNECTING, exception={com.mongodb.MongoClientException: Unable to create default SSLContext}, caused by {java.security.NoSuchAlgorithmException: Error constructing implementation (algorithm: Default, provider: SunJSSE, class: sun.security.ssl.SSLContextImpl$DefaultSSLContext)}, caused by {java.security.KeyStoreException: problem accessing trust store}, caused by {java.io.IOException: Keystore was tampered with, or password was incorrect}, caused by {java.security.UnrecoverableKeyException: Password verification failed}}]
2026-02-13 01:00:03 DEBUG org.mongodb.driver.cluster - Checking status of docdb-2026-01-06-06-21-53.cfocyuk6aet4.ap-south-1.docdb.amazonaws.com:27017
2026-02-13 01:00:03 DEBUG org.mongodb.driver.cluster - Heartbeat started for docdb-2026-01-06-06-21-53.cfocyuk6aet4.ap-south-1.docdb.amazonaws.com:27017 on connection with driver-generated ID 60 and server-generated ID null in topology with ID ClusterId{value='698e2a0841cef8246b179470', description='null'}. Awaited: false
2026-02-13 01:00:03 DEBUG org.mongodb.driver.cluster - Heartbeat failed in 0 ms for docdb-2026-01-06-06-21-53.cfocyuk6aet4.ap-south-1.docdb.amazonaws.com:27017 on connection with driver-generated ID 60 and server-generated ID null in topology with ID ClusterId{value='698e2a0841cef8246b179470', description='null'}. Awaited: false. Failure: Unable to create default SSLContext
2026-02-13 01:00:03 DEBUG org.mongodb.driver.cluster - Updating cluster description to  {type=REPLICA_SET, servers=[{address=docdb-2026-01-06-06-21-53.cfocyuk6aet4.ap-south-1.docdb.amazonaws.com:27017, type=UNKNOWN, state=CONNECTING, exception={com.mongodb.MongoClientException: Unable to create default SSLContext}, caused by {java.security.NoSuchAlgorithmException: Error constructing implementation (algorithm: Default, provider: SunJSSE, class: sun.security.ssl.SSLContextImpl$DefaultSSLContext)}, caused by {java.security.KeyStoreException: problem accessing trust store}, caused by {java.io.IOException: Keystore was tampered with, or password was incorrect}, caused by {java.security.UnrecoverableKeyException: Password verification failed}}]
2026-02-13 01:00:04 DEBUG org.mongodb.driver.cluster - Checking status of docdb-2026-01-06-06-21-53.cfocyuk6aet4.ap-south-1.docdb.amazonaws.com:27017
2026-02-13 01:00:04 DEBUG org.mongodb.driver.cluster - Heartbeat started for docdb-2026-01-06-06-21-53.cfocyuk6aet4.ap-south-1.docdb.amazonaws.com:27017 on connection with driver-generated ID 61 and server-generated ID null in topology with ID ClusterId{value='698e2a0841cef8246b179470', description='null'}. Awaited: false
2026-02-13 01:00:04 DEBUG org.mongodb.driver.cluster - Heartbeat failed in 0 ms for docdb-2026-01-06-06-21-53.cfocyuk6aet4.ap-south-1.docdb.amazonaws.com:27017 on connection with driver-generated ID 61 and server-generated ID null in topology with ID ClusterId{value='698e2a0841cef8246b179470', description='null'}. Awaited: false. Failure: Unable to create default SSLContext
2026-02-13 01:00:04 DEBUG org.mongodb.driver.cluster - Updating cluster description to  {type=REPLICA_SET, servers=[{address=docdb-2026-01-06-06-21-53.cfocyuk6aet4.ap-south-1.docdb.amazonaws.com:27017, type=UNKNOWN, state=CONNECTING, exception={com.mongodb.MongoClientException: Unable to create default SSLContext}, caused by {java.security.NoSuchAlgorithmException: Error constructing implementation (algorithm: Default, provider: SunJSSE, class: sun.security.ssl.SSLContextImpl$DefaultSSLContext)}, caused by {java.security.KeyStoreException: problem accessing trust store}, caused by {java.io.IOException: Keystore was tampered with, or password was incorrect}, caused by {java.security.UnrecoverableKeyException: Password verification failed}}]
2026-02-13 01:00:04 DEBUG org.mongodb.driver.cluster - Checking status of docdb-2026-01-06-06-21-53.cfocyuk6aet4.ap-south-1.docdb.amazonaws.com:27017
2026-02-13 01:00:04 DEBUG org.mongodb.driver.cluster - Heartbeat started for docdb-2026-01-06-06-21-53.cfocyuk6aet4.ap-south-1.docdb.amazonaws.com:27017 on connection with driver-generated ID 62 and server-generated ID null in topology with ID ClusterId{value='698e2a0841cef8246b179470', description='null'}. Awaited: false
2026-02-13 01:00:04 DEBUG org.mongodb.driver.cluster - Heartbeat failed in 0 ms for docdb-2026-01-06-06-21-53.cfocyuk6aet4.ap-south-1.docdb.amazonaws.com:27017 on connection with driver-generated ID 62 and server-generated ID null in topology with ID ClusterId{value='698e2a0841cef8246b179470', description='null'}. Awaited: false. Failure: Unable to create default SSLContext
2026-02-13 01:00:04 DEBUG org.mongodb.driver.cluster - Updating cluster description to  {type=REPLICA_SET, servers=[{address=docdb-2026-01-06-06-21-53.cfocyuk6aet4.ap-south-1.docdb.amazonaws.com:27017, type=UNKNOWN, state=CONNECTING, exception={com.mongodb.MongoClientException: Unable to create default SSLContext}, caused by {java.security.NoSuchAlgorithmException: Error constructing implementation (algorithm: Default, provider: SunJSSE, class: sun.security.ssl.SSLContextImpl$DefaultSSLContext)}, caused by {java.security.KeyStoreException: problem accessing trust store}, caused by {java.io.IOException: Keystore was tampered with, or password was incorrect}, caused by {java.security.UnrecoverableKeyException: Password verification failed}}]
2026-02-13 01:00:05 DEBUG org.mongodb.driver.cluster - Checking status of docdb-2026-01-06-06-21-53.cfocyuk6aet4.ap-south-1.docdb.amazonaws.com:27017
2026-02-13 01:00:05 DEBUG org.mongodb.driver.cluster - Heartbeat started for docdb-2026-01-06-06-21-53.cfocyuk6aet4.ap-south-1.docdb.amazonaws.com:27017 on connection with driver-generated ID 63 and server-generated ID null in topology with ID ClusterId{value='698e2a0841cef8246b179470', description='null'}. Awaited: false
2026-02-13 01:00:05 DEBUG org.mongodb.driver.cluster - Heartbeat failed in 0 ms for docdb-2026-01-06-06-21-53.cfocyuk6aet4.ap-south-1.docdb.amazonaws.com:27017 on connection with driver-generated ID 63 and server-generated ID null in topology with ID ClusterId{value='698e2a0841cef8246b179470', description='null'}. Awaited: false. Failure: Unable to create default SSLContext
2026-02-13 01:00:05 DEBUG org.mongodb.driver.cluster - Updating cluster description to  {type=REPLICA_SET, servers=[{address=docdb-2026-01-06-06-21-53.cfocyuk6aet4.ap-south-1.docdb.amazonaws.com:27017, type=UNKNOWN, state=CONNECTING, exception={com.mongodb.MongoClientException: Unable to create default SSLContext}, caused by {java.security.NoSuchAlgorithmException: Error constructing implementation (algorithm: Default, provider: SunJSSE, class: sun.security.ssl.SSLContextImpl$DefaultSSLContext)}, caused by {java.security.KeyStoreException: problem accessing trust store}, caused by {java.io.IOException: Keystore was tampered with, or password was incorrect}, caused by {java.security.UnrecoverableKeyException: Password verification failed}}]
2026-02-13 01:00:05 DEBUG org.mongodb.driver.cluster - Checking status of docdb-2026-01-06-06-21-53.cfocyuk6aet4.ap-south-1.docdb.amazonaws.com:27017
2026-02-13 01:00:05 DEBUG org.mongodb.driver.cluster - Heartbeat started for docdb-2026-01-06-06-21-53.cfocyuk6aet4.ap-south-1.docdb.amazonaws.com:27017 on connection with driver-generated ID 64 and server-generated ID null in topology with ID ClusterId{value='698e2a0841cef8246b179470', description='null'}. Awaited: false
2026-02-13 01:00:05 DEBUG org.mongodb.driver.cluster - Heartbeat failed in 0 ms for docdb-2026-01-06-06-21-53.cfocyuk6aet4.ap-south-1.docdb.amazonaws.com:27017 on connection with driver-generated ID 64 and server-generated ID null in topology with ID ClusterId{value='698e2a0841cef8246b179470', description='null'}. Awaited: false. Failure: Unable to create default SSLContext
2026-02-13 01:00:05 DEBUG org.mongodb.driver.cluster - Updating cluster description to  {type=REPLICA_SET, servers=[{address=docdb-2026-01-06-06-21-53.cfocyuk6aet4.ap-south-1.docdb.amazonaws.com:27017, type=UNKNOWN, state=CONNECTING, exception={com.mongodb.MongoClientException: Unable to create default SSLContext}, caused by {java.security.NoSuchAlgorithmException: Error constructing implementation (algorithm: Default, provider: SunJSSE, class: sun.security.ssl.SSLContextImpl$DefaultSSLContext)}, caused by {java.security.KeyStoreException: problem accessing trust store}, caused by {java.io.IOException: Keystore was tampered with, or password was incorrect}, caused by {java.security.UnrecoverableKeyException: Password verification failed}}]
2026-02-13 01:00:06 DEBUG org.mongodb.driver.cluster - Checking status of docdb-2026-01-06-06-21-53.cfocyuk6aet4.ap-south-1.docdb.amazonaws.com:27017
2026-02-13 01:00:06 DEBUG org.mongodb.driver.cluster - Heartbeat started for docdb-2026-01-06-06-21-53.cfocyuk6aet4.ap-south-1.docdb.amazonaws.com:27017 on connection with driver-generated ID 65 and server-generated ID null in topology with ID ClusterId{value='698e2a0841cef8246b179470', description='null'}. Awaited: false
2026-02-13 01:00:06 DEBUG org.mongodb.driver.cluster - Heartbeat failed in 1 ms for docdb-2026-01-06-06-21-53.cfocyuk6aet4.ap-south-1.docdb.amazonaws.com:27017 on connection with driver-generated ID 65 and server-generated ID null in topology with ID ClusterId{value='698e2a0841cef8246b179470', description='null'}. Awaited: false. Failure: Unable to create default SSLContext
2026-02-13 01:00:06 DEBUG org.mongodb.driver.cluster - Updating cluster description to  {type=REPLICA_SET, servers=[{address=docdb-2026-01-06-06-21-53.cfocyuk6aet4.ap-south-1.docdb.amazonaws.com:27017, type=UNKNOWN, state=CONNECTING, exception={com.mongodb.MongoClientException: Unable to create default SSLContext}, caused by {java.security.NoSuchAlgorithmException: Error constructing implementation (algorithm: Default, provider: SunJSSE, class: sun.security.ssl.SSLContextImpl$DefaultSSLContext)}, caused by {java.security.KeyStoreException: problem accessing trust store}, caused by {java.io.IOException: Keystore was tampered with, or password was incorrect}, caused by {java.security.UnrecoverableKeyException: Password verification failed}}]
2026-02-13 01:00:06 DEBUG org.mongodb.driver.cluster - Checking status of docdb-2026-01-06-06-21-53.cfocyuk6aet4.ap-south-1.docdb.amazonaws.com:27017
2026-02-13 01:00:06 DEBUG org.mongodb.driver.cluster - Heartbeat started for docdb-2026-01-06-06-21-53.cfocyuk6aet4.ap-south-1.docdb.amazonaws.com:27017 on connection with driver-generated ID 66 and server-generated ID null in topology with ID ClusterId{value='698e2a0841cef8246b179470', description='null'}. Awaited: false
2026-02-13 01:00:06 DEBUG org.mongodb.driver.cluster - Heartbeat failed in 0 ms for docdb-2026-01-06-06-21-53.cfocyuk6aet4.ap-south-1.docdb.amazonaws.com:27017 on connection with driver-generated ID 66 and server-generated ID null in topology with ID ClusterId{value='698e2a0841cef8246b179470', description='null'}. Awaited: false. Failure: Unable to create default SSLContext
2026-02-13 01:00:06 DEBUG org.mongodb.driver.cluster - Updating cluster description to  {type=REPLICA_SET, servers=[{address=docdb-2026-01-06-06-21-53.cfocyuk6aet4.ap-south-1.docdb.amazonaws.com:27017, type=UNKNOWN, state=CONNECTING, exception={com.mongodb.MongoClientException: Unable to create default SSLContext}, caused by {java.security.NoSuchAlgorithmException: Error constructing implementation (algorithm: Default, provider: SunJSSE, class: sun.security.ssl.SSLContextImpl$DefaultSSLContext)}, caused by {java.security.KeyStoreException: problem accessing trust store}, caused by {java.io.IOException: Keystore was tampered with, or password was incorrect}, caused by {java.security.UnrecoverableKeyException: Password verification failed}}]
2026-02-13 01:00:07 DEBUG org.mongodb.driver.cluster - Checking status of docdb-2026-01-06-06-21-53.cfocyuk6aet4.ap-south-1.docdb.amazonaws.com:27017
2026-02-13 01:00:07 DEBUG org.mongodb.driver.cluster - Heartbeat started for docdb-2026-01-06-06-21-53.cfocyuk6aet4.ap-south-1.docdb.amazonaws.com:27017 on connection with driver-generated ID 67 and server-generated ID null in topology with ID ClusterId{value='698e2a0841cef8246b179470', description='null'}. Awaited: false
2026-02-13 01:00:07 DEBUG org.mongodb.driver.cluster - Heartbeat failed in 0 ms for docdb-2026-01-06-06-21-53.cfocyuk6aet4.ap-south-1.docdb.amazonaws.com:27017 on connection with driver-generated ID 67 and server-generated ID null in topology with ID ClusterId{value='698e2a0841cef8246b179470', description='null'}. Awaited: false. Failure: Unable to create default SSLContext
2026-02-13 01:00:07 DEBUG org.mongodb.driver.cluster - Updating cluster description to  {type=REPLICA_SET, servers=[{address=docdb-2026-01-06-06-21-53.cfocyuk6aet4.ap-south-1.docdb.amazonaws.com:27017, type=UNKNOWN, state=CONNECTING, exception={com.mongodb.MongoClientException: Unable to create default SSLContext}, caused by {java.security.NoSuchAlgorithmException: Error constructing implementation (algorithm: Default, provider: SunJSSE, class: sun.security.ssl.SSLContextImpl$DefaultSSLContext)}, caused by {java.security.KeyStoreException: problem accessing trust store}, caused by {java.io.IOException: Keystore was tampered with, or password was incorrect}, caused by {java.security.UnrecoverableKeyException: Password verification failed}}]
2026-02-13 01:00:07 DEBUG org.mongodb.driver.cluster - Checking status of docdb-2026-01-06-06-21-53.cfocyuk6aet4.ap-south-1.docdb.amazonaws.com:27017
2026-02-13 01:00:07 DEBUG org.mongodb.driver.cluster - Heartbeat started for docdb-2026-01-06-06-21-53.cfocyuk6aet4.ap-south-1.docdb.amazonaws.com:27017 on connection with driver-generated ID 68 and server-generated ID null in topology with ID ClusterId{value='698e2a0841cef8246b179470', description='null'}. Awaited: false
2026-02-13 01:00:07 DEBUG org.mongodb.driver.cluster - Heartbeat failed in 0 ms for docdb-2026-01-06-06-21-53.cfocyuk6aet4.ap-south-1.docdb.amazonaws.com:27017 on connection with driver-generated ID 68 and server-generated ID null in topology with ID ClusterId{value='698e2a0841cef8246b179470', description='null'}. Awaited: false. Failure: Unable to create default SSLContext
2026-02-13 01:00:07 DEBUG org.mongodb.driver.cluster - Updating cluster description to  {type=REPLICA_SET, servers=[{address=docdb-2026-01-06-06-21-53.cfocyuk6aet4.ap-south-1.docdb.amazonaws.com:27017, type=UNKNOWN, state=CONNECTING, exception={com.mongodb.MongoClientException: Unable to create default SSLContext}, caused by {java.security.NoSuchAlgorithmException: Error constructing implementation (algorithm: Default, provider: SunJSSE, class: sun.security.ssl.SSLContextImpl$DefaultSSLContext)}, caused by {java.security.KeyStoreException: problem accessing trust store}, caused by {java.io.IOException: Keystore was tampered with, or password was incorrect}, caused by {java.security.UnrecoverableKeyException: Password verification failed}}]
2026-02-13 01:00:08 DEBUG org.mongodb.driver.cluster - Checking status of docdb-2026-01-06-06-21-53.cfocyuk6aet4.ap-south-1.docdb.amazonaws.com:27017
2026-02-13 01:00:08 DEBUG org.mongodb.driver.cluster - Heartbeat started for docdb-2026-01-06-06-21-53.cfocyuk6aet4.ap-south-1.docdb.amazonaws.com:27017 on connection with driver-generated ID 69 and server-generated ID null in topology with ID ClusterId{value='698e2a0841cef8246b179470', description='null'}. Awaited: false
2026-02-13 01:00:08 DEBUG org.mongodb.driver.cluster - Heartbeat failed in 16 ms for docdb-2026-01-06-06-21-53.cfocyuk6aet4.ap-south-1.docdb.amazonaws.com:27017 on connection with driver-generated ID 69 and server-generated ID null in topology with ID ClusterId{value='698e2a0841cef8246b179470', description='null'}. Awaited: false. Failure: Unable to create default SSLContext
2026-02-13 01:00:08 DEBUG org.mongodb.driver.cluster - Updating cluster description to  {type=REPLICA_SET, servers=[{address=docdb-2026-01-06-06-21-53.cfocyuk6aet4.ap-south-1.docdb.amazonaws.com:27017, type=UNKNOWN, state=CONNECTING, exception={com.mongodb.MongoClientException: Unable to create default SSLContext}, caused by {java.security.NoSuchAlgorithmException: Error constructing implementation (algorithm: Default, provider: SunJSSE, class: sun.security.ssl.SSLContextImpl$DefaultSSLContext)}, caused by {java.security.KeyStoreException: problem accessing trust store}, caused by {java.io.IOException: Keystore was tampered with, or password was incorrect}, caused by {java.security.UnrecoverableKeyException: Password verification failed}}]
2026-02-13 01:00:08 DEBUG org.mongodb.driver.cluster - Checking status of docdb-2026-01-06-06-21-53.cfocyuk6aet4.ap-south-1.docdb.amazonaws.com:27017
2026-02-13 01:00:08 DEBUG org.mongodb.driver.cluster - Heartbeat started for docdb-2026-01-06-06-21-53.cfocyuk6aet4.ap-south-1.docdb.amazonaws.com:27017 on connection with driver-generated ID 70 and server-generated ID null in topology with ID ClusterId{value='698e2a0841cef8246b179470', description='null'}. Awaited: false
2026-02-13 01:00:08 DEBUG org.mongodb.driver.cluster - Heartbeat failed in 0 ms for docdb-2026-01-06-06-21-53.cfocyuk6aet4.ap-south-1.docdb.amazonaws.com:27017 on connection with driver-generated ID 70 and server-generated ID null in topology with ID ClusterId{value='698e2a0841cef8246b179470', description='null'}. Awaited: false. Failure: Unable to create default SSLContext
2026-02-13 01:00:08 DEBUG org.mongodb.driver.cluster - Updating cluster description to  {type=REPLICA_SET, servers=[{address=docdb-2026-01-06-06-21-53.cfocyuk6aet4.ap-south-1.docdb.amazonaws.com:27017, type=UNKNOWN, state=CONNECTING, exception={com.mongodb.MongoClientException: Unable to create default SSLContext}, caused by {java.security.NoSuchAlgorithmException: Error constructing implementation (algorithm: Default, provider: SunJSSE, class: sun.security.ssl.SSLContextImpl$DefaultSSLContext)}, caused by {java.security.KeyStoreException: problem accessing trust store}, caused by {java.io.IOException: Keystore was tampered with, or password was incorrect}, caused by {java.security.UnrecoverableKeyException: Password verification failed}}]
2026-02-13 01:00:09 DEBUG org.mongodb.driver.cluster - Checking status of docdb-2026-01-06-06-21-53.cfocyuk6aet4.ap-south-1.docdb.amazonaws.com:27017
2026-02-13 01:00:09 DEBUG org.mongodb.driver.cluster - Heartbeat started for docdb-2026-01-06-06-21-53.cfocyuk6aet4.ap-south-1.docdb.amazonaws.com:27017 on connection with driver-generated ID 71 and server-generated ID null in topology with ID ClusterId{value='698e2a0841cef8246b179470', description='null'}. Awaited: false
2026-02-13 01:00:09 DEBUG org.mongodb.driver.cluster - Heartbeat failed in 0 ms for docdb-2026-01-06-06-21-53.cfocyuk6aet4.ap-south-1.docdb.amazonaws.com:27017 on connection with driver-generated ID 71 and server-generated ID null in topology with ID ClusterId{value='698e2a0841cef8246b179470', description='null'}. Awaited: false. Failure: Unable to create default SSLContext
2026-02-13 01:00:09 DEBUG org.mongodb.driver.cluster - Updating cluster description to  {type=REPLICA_SET, servers=[{address=docdb-2026-01-06-06-21-53.cfocyuk6aet4.ap-south-1.docdb.amazonaws.com:27017, type=UNKNOWN, state=CONNECTING, exception={com.mongodb.MongoClientException: Unable to create default SSLContext}, caused by {java.security.NoSuchAlgorithmException: Error constructing implementation (algorithm: Default, provider: SunJSSE, class: sun.security.ssl.SSLContextImpl$DefaultSSLContext)}, caused by {java.security.KeyStoreException: problem accessing trust store}, caused by {java.io.IOException: Keystore was tampered with, or password was incorrect}, caused by {java.security.UnrecoverableKeyException: Password verification failed}}]
2026-02-13 01:00:09 DEBUG org.mongodb.driver.cluster - Checking status of docdb-2026-01-06-06-21-53.cfocyuk6aet4.ap-south-1.docdb.amazonaws.com:27017
2026-02-13 01:00:09 DEBUG org.mongodb.driver.cluster - Heartbeat started for docdb-2026-01-06-06-21-53.cfocyuk6aet4.ap-south-1.docdb.amazonaws.com:27017 on connection with driver-generated ID 72 and server-generated ID null in topology with ID ClusterId{value='698e2a0841cef8246b179470', description='null'}. Awaited: false
2026-02-13 01:00:09 DEBUG org.mongodb.driver.cluster - Heartbeat failed in 0 ms for docdb-2026-01-06-06-21-53.cfocyuk6aet4.ap-south-1.docdb.amazonaws.com:27017 on connection with driver-generated ID 72 and server-generated ID null in topology with ID ClusterId{value='698e2a0841cef8246b179470', description='null'}. Awaited: false. Failure: Unable to create default SSLContext
2026-02-13 01:00:09 DEBUG org.mongodb.driver.cluster - Updating cluster description to  {type=REPLICA_SET, servers=[{address=docdb-2026-01-06-06-21-53.cfocyuk6aet4.ap-south-1.docdb.amazonaws.com:27017, type=UNKNOWN, state=CONNECTING, exception={com.mongodb.MongoClientException: Unable to create default SSLContext}, caused by {java.security.NoSuchAlgorithmException: Error constructing implementation (algorithm: Default, provider: SunJSSE, class: sun.security.ssl.SSLContextImpl$DefaultSSLContext)}, caused by {java.security.KeyStoreException: problem accessing trust store}, caused by {java.io.IOException: Keystore was tampered with, or password was incorrect}, caused by {java.security.UnrecoverableKeyException: Password verification failed}}]
2026-02-13 01:00:10 DEBUG org.mongodb.driver.cluster - Checking status of docdb-2026-01-06-06-21-53.cfocyuk6aet4.ap-south-1.docdb.amazonaws.com:27017
2026-02-13 01:00:10 DEBUG org.mongodb.driver.cluster - Heartbeat started for docdb-2026-01-06-06-21-53.cfocyuk6aet4.ap-south-1.docdb.amazonaws.com:27017 on connection with driver-generated ID 73 and server-generated ID null in topology with ID ClusterId{value='698e2a0841cef8246b179470', description='null'}. Awaited: false
2026-02-13 01:00:10 DEBUG org.mongodb.driver.cluster - Heartbeat failed in 0 ms for docdb-2026-01-06-06-21-53.cfocyuk6aet4.ap-south-1.docdb.amazonaws.com:27017 on connection with driver-generated ID 73 and server-generated ID null in topology with ID ClusterId{value='698e2a0841cef8246b179470', description='null'}. Awaited: false. Failure: Unable to create default SSLContext
2026-02-13 01:00:10 DEBUG org.mongodb.driver.cluster - Updating cluster description to  {type=REPLICA_SET, servers=[{address=docdb-2026-01-06-06-21-53.cfocyuk6aet4.ap-south-1.docdb.amazonaws.com:27017, type=UNKNOWN, state=CONNECTING, exception={com.mongodb.MongoClientException: Unable to create default SSLContext}, caused by {java.security.NoSuchAlgorithmException: Error constructing implementation (algorithm: Default, provider: SunJSSE, class: sun.security.ssl.SSLContextImpl$DefaultSSLContext)}, caused by {java.security.KeyStoreException: problem accessing trust store}, caused by {java.io.IOException: Keystore was tampered with, or password was incorrect}, caused by {java.security.UnrecoverableKeyException: Password verification failed}}]
2026-02-13 01:00:10 DEBUG org.mongodb.driver.cluster - Checking status of docdb-2026-01-06-06-21-53.cfocyuk6aet4.ap-south-1.docdb.amazonaws.com:27017
2026-02-13 01:00:10 DEBUG org.mongodb.driver.cluster - Heartbeat started for docdb-2026-01-06-06-21-53.cfocyuk6aet4.ap-south-1.docdb.amazonaws.com:27017 on connection with driver-generated ID 74 and server-generated ID null in topology with ID ClusterId{value='698e2a0841cef8246b179470', description='null'}. Awaited: false
2026-02-13 01:00:10 DEBUG org.mongodb.driver.cluster - Heartbeat failed in 0 ms for docdb-2026-01-06-06-21-53.cfocyuk6aet4.ap-south-1.docdb.amazonaws.com:27017 on connection with driver-generated ID 74 and server-generated ID null in topology with ID ClusterId{value='698e2a0841cef8246b179470', description='null'}. Awaited: false. Failure: Unable to create default SSLContext
2026-02-13 01:00:10 DEBUG org.mongodb.driver.cluster - Updating cluster description to  {type=REPLICA_SET, servers=[{address=docdb-2026-01-06-06-21-53.cfocyuk6aet4.ap-south-1.docdb.amazonaws.com:27017, type=UNKNOWN, state=CONNECTING, exception={com.mongodb.MongoClientException: Unable to create default SSLContext}, caused by {java.security.NoSuchAlgorithmException: Error constructing implementation (algorithm: Default, provider: SunJSSE, class: sun.security.ssl.SSLContextImpl$DefaultSSLContext)}, caused by {java.security.KeyStoreException: problem accessing trust store}, caused by {java.io.IOException: Keystore was tampered with, or password was incorrect}, caused by {java.security.UnrecoverableKeyException: Password verification failed}}]
2026-02-13 01:00:11 DEBUG org.mongodb.driver.cluster - Checking status of docdb-2026-01-06-06-21-53.cfocyuk6aet4.ap-south-1.docdb.amazonaws.com:27017
2026-02-13 01:00:11 DEBUG org.mongodb.driver.cluster - Heartbeat started for docdb-2026-01-06-06-21-53.cfocyuk6aet4.ap-south-1.docdb.amazonaws.com:27017 on connection with driver-generated ID 75 and server-generated ID null in topology with ID ClusterId{value='698e2a0841cef8246b179470', description='null'}. Awaited: false
2026-02-13 01:00:11 DEBUG org.mongodb.driver.cluster - Heartbeat failed in 0 ms for docdb-2026-01-06-06-21-53.cfocyuk6aet4.ap-south-1.docdb.amazonaws.com:27017 on connection with driver-generated ID 75 and server-generated ID null in topology with ID ClusterId{value='698e2a0841cef8246b179470', description='null'}. Awaited: false. Failure: Unable to create default SSLContext
2026-02-13 01:00:11 DEBUG org.mongodb.driver.cluster - Updating cluster description to  {type=REPLICA_SET, servers=[{address=docdb-2026-01-06-06-21-53.cfocyuk6aet4.ap-south-1.docdb.amazonaws.com:27017, type=UNKNOWN, state=CONNECTING, exception={com.mongodb.MongoClientException: Unable to create default SSLContext}, caused by {java.security.NoSuchAlgorithmException: Error constructing implementation (algorithm: Default, provider: SunJSSE, class: sun.security.ssl.SSLContextImpl$DefaultSSLContext)}, caused by {java.security.KeyStoreException: problem accessing trust store}, caused by {java.io.IOException: Keystore was tampered with, or password was incorrect}, caused by {java.security.UnrecoverableKeyException: Password verification failed}}]
2026-02-13 01:00:11 DEBUG org.mongodb.driver.cluster - Checking status of docdb-2026-01-06-06-21-53.cfocyuk6aet4.ap-south-1.docdb.amazonaws.com:27017
2026-02-13 01:00:11 DEBUG org.mongodb.driver.cluster - Heartbeat started for docdb-2026-01-06-06-21-53.cfocyuk6aet4.ap-south-1.docdb.amazonaws.com:27017 on connection with driver-generated ID 76 and server-generated ID null in topology with ID ClusterId{value='698e2a0841cef8246b179470', description='null'}. Awaited: false
2026-02-13 01:00:11 DEBUG org.mongodb.driver.cluster - Heartbeat failed in 0 ms for docdb-2026-01-06-06-21-53.cfocyuk6aet4.ap-south-1.docdb.amazonaws.com:27017 on connection with driver-generated ID 76 and server-generated ID null in topology with ID ClusterId{value='698e2a0841cef8246b179470', description='null'}. Awaited: false. Failure: Unable to create default SSLContext
2026-02-13 01:00:11 DEBUG org.mongodb.driver.cluster - Updating cluster description to  {type=REPLICA_SET, servers=[{address=docdb-2026-01-06-06-21-53.cfocyuk6aet4.ap-south-1.docdb.amazonaws.com:27017, type=UNKNOWN, state=CONNECTING, exception={com.mongodb.MongoClientException: Unable to create default SSLContext}, caused by {java.security.NoSuchAlgorithmException: Error constructing implementation (algorithm: Default, provider: SunJSSE, class: sun.security.ssl.SSLContextImpl$DefaultSSLContext)}, caused by {java.security.KeyStoreException: problem accessing trust store}, caused by {java.io.IOException: Keystore was tampered with, or password was incorrect}, caused by {java.security.UnrecoverableKeyException: Password verification failed}}]
2026-02-13 01:00:12 DEBUG org.mongodb.driver.cluster - Checking status of docdb-2026-01-06-06-21-53.cfocyuk6aet4.ap-south-1.docdb.amazonaws.com:27017
2026-02-13 01:00:12 DEBUG org.mongodb.driver.cluster - Heartbeat started for docdb-2026-01-06-06-21-53.cfocyuk6aet4.ap-south-1.docdb.amazonaws.com:27017 on connection with driver-generated ID 77 and server-generated ID null in topology with ID ClusterId{value='698e2a0841cef8246b179470', description='null'}. Awaited: false
2026-02-13 01:00:12 DEBUG org.mongodb.driver.cluster - Heartbeat failed in 2 ms for docdb-2026-01-06-06-21-53.cfocyuk6aet4.ap-south-1.docdb.amazonaws.com:27017 on connection with driver-generated ID 77 and server-generated ID null in topology with ID ClusterId{value='698e2a0841cef8246b179470', description='null'}. Awaited: false. Failure: Unable to create default SSLContext
2026-02-13 01:00:12 DEBUG org.mongodb.driver.cluster - Updating cluster description to  {type=REPLICA_SET, servers=[{address=docdb-2026-01-06-06-21-53.cfocyuk6aet4.ap-south-1.docdb.amazonaws.com:27017, type=UNKNOWN, state=CONNECTING, exception={com.mongodb.MongoClientException: Unable to create default SSLContext}, caused by {java.security.NoSuchAlgorithmException: Error constructing implementation (algorithm: Default, provider: SunJSSE, class: sun.security.ssl.SSLContextImpl$DefaultSSLContext)}, caused by {java.security.KeyStoreException: problem accessing trust store}, caused by {java.io.IOException: Keystore was tampered with, or password was incorrect}, caused by {java.security.UnrecoverableKeyException: Password verification failed}}]
2026-02-13 01:00:12 DEBUG org.mongodb.driver.cluster - Checking status of docdb-2026-01-06-06-21-53.cfocyuk6aet4.ap-south-1.docdb.amazonaws.com:27017
2026-02-13 01:00:12 DEBUG org.mongodb.driver.cluster - Heartbeat started for docdb-2026-01-06-06-21-53.cfocyuk6aet4.ap-south-1.docdb.amazonaws.com:27017 on connection with driver-generated ID 78 and server-generated ID null in topology with ID ClusterId{value='698e2a0841cef8246b179470', description='null'}. Awaited: false
2026-02-13 01:00:12 DEBUG org.mongodb.driver.cluster - Heartbeat failed in 0 ms for docdb-2026-01-06-06-21-53.cfocyuk6aet4.ap-south-1.docdb.amazonaws.com:27017 on connection with driver-generated ID 78 and server-generated ID null in topology with ID ClusterId{value='698e2a0841cef8246b179470', description='null'}. Awaited: false. Failure: Unable to create default SSLContext
2026-02-13 01:00:12 DEBUG org.mongodb.driver.cluster - Updating cluster description to  {type=REPLICA_SET, servers=[{address=docdb-2026-01-06-06-21-53.cfocyuk6aet4.ap-south-1.docdb.amazonaws.com:27017, type=UNKNOWN, state=CONNECTING, exception={com.mongodb.MongoClientException: Unable to create default SSLContext}, caused by {java.security.NoSuchAlgorithmException: Error constructing implementation (algorithm: Default, provider: SunJSSE, class: sun.security.ssl.SSLContextImpl$DefaultSSLContext)}, caused by {java.security.KeyStoreException: problem accessing trust store}, caused by {java.io.IOException: Keystore was tampered with, or password was incorrect}, caused by {java.security.UnrecoverableKeyException: Password verification failed}}]
2026-02-13 01:00:13 DEBUG org.mongodb.driver.cluster - Checking status of docdb-2026-01-06-06-21-53.cfocyuk6aet4.ap-south-1.docdb.amazonaws.com:27017
2026-02-13 01:00:13 DEBUG org.mongodb.driver.cluster - Heartbeat started for docdb-2026-01-06-06-21-53.cfocyuk6aet4.ap-south-1.docdb.amazonaws.com:27017 on connection with driver-generated ID 79 and server-generated ID null in topology with ID ClusterId{value='698e2a0841cef8246b179470', description='null'}. Awaited: false
2026-02-13 01:00:13 DEBUG org.mongodb.driver.cluster - Heartbeat failed in 0 ms for docdb-2026-01-06-06-21-53.cfocyuk6aet4.ap-south-1.docdb.amazonaws.com:27017 on connection with driver-generated ID 79 and server-generated ID null in topology with ID ClusterId{value='698e2a0841cef8246b179470', description='null'}. Awaited: false. Failure: Unable to create default SSLContext
2026-02-13 01:00:13 DEBUG org.mongodb.driver.cluster - Updating cluster description to  {type=REPLICA_SET, servers=[{address=docdb-2026-01-06-06-21-53.cfocyuk6aet4.ap-south-1.docdb.amazonaws.com:27017, type=UNKNOWN, state=CONNECTING, exception={com.mongodb.MongoClientException: Unable to create default SSLContext}, caused by {java.security.NoSuchAlgorithmException: Error constructing implementation (algorithm: Default, provider: SunJSSE, class: sun.security.ssl.SSLContextImpl$DefaultSSLContext)}, caused by {java.security.KeyStoreException: problem accessing trust store}, caused by {java.io.IOException: Keystore was tampered with, or password was incorrect}, caused by {java.security.UnrecoverableKeyException: Password verification failed}}]
2026-02-13 01:00:13 DEBUG org.mongodb.driver.cluster - Checking status of docdb-2026-01-06-06-21-53.cfocyuk6aet4.ap-south-1.docdb.amazonaws.com:27017
2026-02-13 01:00:13 DEBUG org.mongodb.driver.cluster - Heartbeat started for docdb-2026-01-06-06-21-53.cfocyuk6aet4.ap-south-1.docdb.amazonaws.com:27017 on connection with driver-generated ID 80 and server-generated ID null in topology with ID ClusterId{value='698e2a0841cef8246b179470', description='null'}. Awaited: false
2026-02-13 01:00:13 DEBUG org.mongodb.driver.cluster - Heartbeat failed in 0 ms for docdb-2026-01-06-06-21-53.cfocyuk6aet4.ap-south-1.docdb.amazonaws.com:27017 on connection with driver-generated ID 80 and server-generated ID null in topology with ID ClusterId{value='698e2a0841cef8246b179470', description='null'}. Awaited: false. Failure: Unable to create default SSLContext
2026-02-13 01:00:13 DEBUG org.mongodb.driver.cluster - Updating cluster description to  {type=REPLICA_SET, servers=[{address=docdb-2026-01-06-06-21-53.cfocyuk6aet4.ap-south-1.docdb.amazonaws.com:27017, type=UNKNOWN, state=CONNECTING, exception={com.mongodb.MongoClientException: Unable to create default SSLContext}, caused by {java.security.NoSuchAlgorithmException: Error constructing implementation (algorithm: Default, provider: SunJSSE, class: sun.security.ssl.SSLContextImpl$DefaultSSLContext)}, caused by {java.security.KeyStoreException: problem accessing trust store}, caused by {java.io.IOException: Keystore was tampered with, or password was incorrect}, caused by {java.security.UnrecoverableKeyException: Password verification failed}}]
2026-02-13 01:00:14 DEBUG org.mongodb.driver.cluster - Checking status of docdb-2026-01-06-06-21-53.cfocyuk6aet4.ap-south-1.docdb.amazonaws.com:27017
2026-02-13 01:00:14 DEBUG org.mongodb.driver.cluster - Heartbeat started for docdb-2026-01-06-06-21-53.cfocyuk6aet4.ap-south-1.docdb.amazonaws.com:27017 on connection with driver-generated ID 81 and server-generated ID null in topology with ID ClusterId{value='698e2a0841cef8246b179470', description='null'}. Awaited: false
2026-02-13 01:00:14 DEBUG org.mongodb.driver.cluster - Heartbeat failed in 0 ms for docdb-2026-01-06-06-21-53.cfocyuk6aet4.ap-south-1.docdb.amazonaws.com:27017 on connection with driver-generated ID 81 and server-generated ID null in topology with ID ClusterId{value='698e2a0841cef8246b179470', description='null'}. Awaited: false. Failure: Unable to create default SSLContext
2026-02-13 01:00:14 DEBUG org.mongodb.driver.cluster - Updating cluster description to  {type=REPLICA_SET, servers=[{address=docdb-2026-01-06-06-21-53.cfocyuk6aet4.ap-south-1.docdb.amazonaws.com:27017, type=UNKNOWN, state=CONNECTING, exception={com.mongodb.MongoClientException: Unable to create default SSLContext}, caused by {java.security.NoSuchAlgorithmException: Error constructing implementation (algorithm: Default, provider: SunJSSE, class: sun.security.ssl.SSLContextImpl$DefaultSSLContext)}, caused by {java.security.KeyStoreException: problem accessing trust store}, caused by {java.io.IOException: Keystore was tampered with, or password was incorrect}, caused by {java.security.UnrecoverableKeyException: Password verification failed}}]
2026-02-13 01:00:14 DEBUG org.mongodb.driver.cluster - Checking status of docdb-2026-01-06-06-21-53.cfocyuk6aet4.ap-south-1.docdb.amazonaws.com:27017
2026-02-13 01:00:14 DEBUG org.mongodb.driver.cluster - Heartbeat started for docdb-2026-01-06-06-21-53.cfocyuk6aet4.ap-south-1.docdb.amazonaws.com:27017 on connection with driver-generated ID 82 and server-generated ID null in topology with ID ClusterId{value='698e2a0841cef8246b179470', description='null'}. Awaited: false
2026-02-13 01:00:14 DEBUG org.mongodb.driver.cluster - Heartbeat failed in 0 ms for docdb-2026-01-06-06-21-53.cfocyuk6aet4.ap-south-1.docdb.amazonaws.com:27017 on connection with driver-generated ID 82 and server-generated ID null in topology with ID ClusterId{value='698e2a0841cef8246b179470', description='null'}. Awaited: false. Failure: Unable to create default SSLContext
2026-02-13 01:00:14 DEBUG org.mongodb.driver.cluster - Updating cluster description to  {type=REPLICA_SET, servers=[{address=docdb-2026-01-06-06-21-53.cfocyuk6aet4.ap-south-1.docdb.amazonaws.com:27017, type=UNKNOWN, state=CONNECTING, exception={com.mongodb.MongoClientException: Unable to create default SSLContext}, caused by {java.security.NoSuchAlgorithmException: Error constructing implementation (algorithm: Default, provider: SunJSSE, class: sun.security.ssl.SSLContextImpl$DefaultSSLContext)}, caused by {java.security.KeyStoreException: problem accessing trust store}, caused by {java.io.IOException: Keystore was tampered with, or password was incorrect}, caused by {java.security.UnrecoverableKeyException: Password verification failed}}]
2026-02-13 01:00:15 DEBUG org.mongodb.driver.cluster - Checking status of docdb-2026-01-06-06-21-53.cfocyuk6aet4.ap-south-1.docdb.amazonaws.com:27017
2026-02-13 01:00:15 DEBUG org.mongodb.driver.cluster - Heartbeat started for docdb-2026-01-06-06-21-53.cfocyuk6aet4.ap-south-1.docdb.amazonaws.com:27017 on connection with driver-generated ID 83 and server-generated ID null in topology with ID ClusterId{value='698e2a0841cef8246b179470', description='null'}. Awaited: false
2026-02-13 01:00:15 DEBUG org.mongodb.driver.cluster - Heartbeat failed in 0 ms for docdb-2026-01-06-06-21-53.cfocyuk6aet4.ap-south-1.docdb.amazonaws.com:27017 on connection with driver-generated ID 83 and server-generated ID null in topology with ID ClusterId{value='698e2a0841cef8246b179470', description='null'}. Awaited: false. Failure: Unable to create default SSLContext
2026-02-13 01:00:15 DEBUG org.mongodb.driver.cluster - Updating cluster description to  {type=REPLICA_SET, servers=[{address=docdb-2026-01-06-06-21-53.cfocyuk6aet4.ap-south-1.docdb.amazonaws.com:27017, type=UNKNOWN, state=CONNECTING, exception={com.mongodb.MongoClientException: Unable to create default SSLContext}, caused by {java.security.NoSuchAlgorithmException: Error constructing implementation (algorithm: Default, provider: SunJSSE, class: sun.security.ssl.SSLContextImpl$DefaultSSLContext)}, caused by {java.security.KeyStoreException: problem accessing trust store}, caused by {java.io.IOException: Keystore was tampered with, or password was incorrect}, caused by {java.security.UnrecoverableKeyException: Password verification failed}}]
2026-02-13 01:00:15 DEBUG org.mongodb.driver.cluster - Checking status of docdb-2026-01-06-06-21-53.cfocyuk6aet4.ap-south-1.docdb.amazonaws.com:27017
2026-02-13 01:00:15 DEBUG org.mongodb.driver.cluster - Heartbeat started for docdb-2026-01-06-06-21-53.cfocyuk6aet4.ap-south-1.docdb.amazonaws.com:27017 on connection with driver-generated ID 84 and server-generated ID null in topology with ID ClusterId{value='698e2a0841cef8246b179470', description='null'}. Awaited: false
2026-02-13 01:00:15 DEBUG org.mongodb.driver.cluster - Heartbeat failed in 0 ms for docdb-2026-01-06-06-21-53.cfocyuk6aet4.ap-south-1.docdb.amazonaws.com:27017 on connection with driver-generated ID 84 and server-generated ID null in topology with ID ClusterId{value='698e2a0841cef8246b179470', description='null'}. Awaited: false. Failure: Unable to create default SSLContext
2026-02-13 01:00:15 DEBUG org.mongodb.driver.cluster - Updating cluster description to  {type=REPLICA_SET, servers=[{address=docdb-2026-01-06-06-21-53.cfocyuk6aet4.ap-south-1.docdb.amazonaws.com:27017, type=UNKNOWN, state=CONNECTING, exception={com.mongodb.MongoClientException: Unable to create default SSLContext}, caused by {java.security.NoSuchAlgorithmException: Error constructing implementation (algorithm: Default, provider: SunJSSE, class: sun.security.ssl.SSLContextImpl$DefaultSSLContext)}, caused by {java.security.KeyStoreException: problem accessing trust store}, caused by {java.io.IOException: Keystore was tampered with, or password was incorrect}, caused by {java.security.UnrecoverableKeyException: Password verification failed}}]
2026-02-13 01:00:16 DEBUG org.mongodb.driver.cluster - Checking status of docdb-2026-01-06-06-21-53.cfocyuk6aet4.ap-south-1.docdb.amazonaws.com:27017
2026-02-13 01:00:16 DEBUG org.mongodb.driver.cluster - Heartbeat started for docdb-2026-01-06-06-21-53.cfocyuk6aet4.ap-south-1.docdb.amazonaws.com:27017 on connection with driver-generated ID 85 and server-generated ID null in topology with ID ClusterId{value='698e2a0841cef8246b179470', description='null'}. Awaited: false
2026-02-13 01:00:16 DEBUG org.mongodb.driver.cluster - Heartbeat failed in 1 ms for docdb-2026-01-06-06-21-53.cfocyuk6aet4.ap-south-1.docdb.amazonaws.com:27017 on connection with driver-generated ID 85 and server-generated ID null in topology with ID ClusterId{value='698e2a0841cef8246b179470', description='null'}. Awaited: false. Failure: Unable to create default SSLContext
2026-02-13 01:00:16 DEBUG org.mongodb.driver.cluster - Updating cluster description to  {type=REPLICA_SET, servers=[{address=docdb-2026-01-06-06-21-53.cfocyuk6aet4.ap-south-1.docdb.amazonaws.com:27017, type=UNKNOWN, state=CONNECTING, exception={com.mongodb.MongoClientException: Unable to create default SSLContext}, caused by {java.security.NoSuchAlgorithmException: Error constructing implementation (algorithm: Default, provider: SunJSSE, class: sun.security.ssl.SSLContextImpl$DefaultSSLContext)}, caused by {java.security.KeyStoreException: problem accessing trust store}, caused by {java.io.IOException: Keystore was tampered with, or password was incorrect}, caused by {java.security.UnrecoverableKeyException: Password verification failed}}]
2026-02-13 01:00:16 DEBUG org.mongodb.driver.cluster - Checking status of docdb-2026-01-06-06-21-53.cfocyuk6aet4.ap-south-1.docdb.amazonaws.com:27017
2026-02-13 01:00:16 DEBUG org.mongodb.driver.cluster - Heartbeat started for docdb-2026-01-06-06-21-53.cfocyuk6aet4.ap-south-1.docdb.amazonaws.com:27017 on connection with driver-generated ID 86 and server-generated ID null in topology with ID ClusterId{value='698e2a0841cef8246b179470', description='null'}. Awaited: false
2026-02-13 01:00:16 DEBUG org.mongodb.driver.cluster - Heartbeat failed in 0 ms for docdb-2026-01-06-06-21-53.cfocyuk6aet4.ap-south-1.docdb.amazonaws.com:27017 on connection with driver-generated ID 86 and server-generated ID null in topology with ID ClusterId{value='698e2a0841cef8246b179470', description='null'}. Awaited: false. Failure: Unable to create default SSLContext
2026-02-13 01:00:16 DEBUG org.mongodb.driver.cluster - Updating cluster description to  {type=REPLICA_SET, servers=[{address=docdb-2026-01-06-06-21-53.cfocyuk6aet4.ap-south-1.docdb.amazonaws.com:27017, type=UNKNOWN, state=CONNECTING, exception={com.mongodb.MongoClientException: Unable to create default SSLContext}, caused by {java.security.NoSuchAlgorithmException: Error constructing implementation (algorithm: Default, provider: SunJSSE, class: sun.security.ssl.SSLContextImpl$DefaultSSLContext)}, caused by {java.security.KeyStoreException: problem accessing trust store}, caused by {java.io.IOException: Keystore was tampered with, or password was incorrect}, caused by {java.security.UnrecoverableKeyException: Password verification failed}}]
2026-02-13 01:00:17 DEBUG org.mongodb.driver.cluster - Checking status of docdb-2026-01-06-06-21-53.cfocyuk6aet4.ap-south-1.docdb.amazonaws.com:27017
2026-02-13 01:00:17 DEBUG org.mongodb.driver.cluster - Heartbeat started for docdb-2026-01-06-06-21-53.cfocyuk6aet4.ap-south-1.docdb.amazonaws.com:27017 on connection with driver-generated ID 87 and server-generated ID null in topology with ID ClusterId{value='698e2a0841cef8246b179470', description='null'}. Awaited: false
2026-02-13 01:00:17 DEBUG org.mongodb.driver.cluster - Heartbeat failed in 0 ms for docdb-2026-01-06-06-21-53.cfocyuk6aet4.ap-south-1.docdb.amazonaws.com:27017 on connection with driver-generated ID 87 and server-generated ID null in topology with ID ClusterId{value='698e2a0841cef8246b179470', description='null'}. Awaited: false. Failure: Unable to create default SSLContext
2026-02-13 01:00:17 DEBUG org.mongodb.driver.cluster - Updating cluster description to  {type=REPLICA_SET, servers=[{address=docdb-2026-01-06-06-21-53.cfocyuk6aet4.ap-south-1.docdb.amazonaws.com:27017, type=UNKNOWN, state=CONNECTING, exception={com.mongodb.MongoClientException: Unable to create default SSLContext}, caused by {java.security.NoSuchAlgorithmException: Error constructing implementation (algorithm: Default, provider: SunJSSE, class: sun.security.ssl.SSLContextImpl$DefaultSSLContext)}, caused by {java.security.KeyStoreException: problem accessing trust store}, caused by {java.io.IOException: Keystore was tampered with, or password was incorrect}, caused by {java.security.UnrecoverableKeyException: Password verification failed}}]
2026-02-13 01:00:17 DEBUG org.mongodb.driver.cluster - Checking status of docdb-2026-01-06-06-21-53.cfocyuk6aet4.ap-south-1.docdb.amazonaws.com:27017
2026-02-13 01:00:17 DEBUG org.mongodb.driver.cluster - Heartbeat started for docdb-2026-01-06-06-21-53.cfocyuk6aet4.ap-south-1.docdb.amazonaws.com:27017 on connection with driver-generated ID 88 and server-generated ID null in topology with ID ClusterId{value='698e2a0841cef8246b179470', description='null'}. Awaited: false
2026-02-13 01:00:17 DEBUG org.mongodb.driver.cluster - Heartbeat failed in 0 ms for docdb-2026-01-06-06-21-53.cfocyuk6aet4.ap-south-1.docdb.amazonaws.com:27017 on connection with driver-generated ID 88 and server-generated ID null in topology with ID ClusterId{value='698e2a0841cef8246b179470', description='null'}. Awaited: false. Failure: Unable to create default SSLContext
2026-02-13 01:00:17 DEBUG org.mongodb.driver.cluster - Updating cluster description to  {type=REPLICA_SET, servers=[{address=docdb-2026-01-06-06-21-53.cfocyuk6aet4.ap-south-1.docdb.amazonaws.com:27017, type=UNKNOWN, state=CONNECTING, exception={com.mongodb.MongoClientException: Unable to create default SSLContext}, caused by {java.security.NoSuchAlgorithmException: Error constructing implementation (algorithm: Default, provider: SunJSSE, class: sun.security.ssl.SSLContextImpl$DefaultSSLContext)}, caused by {java.security.KeyStoreException: problem accessing trust store}, caused by {java.io.IOException: Keystore was tampered with, or password was incorrect}, caused by {java.security.UnrecoverableKeyException: Password verification failed}}]
2026-02-13 01:00:18 DEBUG org.mongodb.driver.cluster - Checking status of docdb-2026-01-06-06-21-53.cfocyuk6aet4.ap-south-1.docdb.amazonaws.com:27017
2026-02-13 01:00:18 DEBUG org.mongodb.driver.cluster - Heartbeat started for docdb-2026-01-06-06-21-53.cfocyuk6aet4.ap-south-1.docdb.amazonaws.com:27017 on connection with driver-generated ID 89 and server-generated ID null in topology with ID ClusterId{value='698e2a0841cef8246b179470', description='null'}. Awaited: false
2026-02-13 01:00:18 DEBUG org.mongodb.driver.cluster - Heartbeat failed in 0 ms for docdb-2026-01-06-06-21-53.cfocyuk6aet4.ap-south-1.docdb.amazonaws.com:27017 on connection with driver-generated ID 89 and server-generated ID null in topology with ID ClusterId{value='698e2a0841cef8246b179470', description='null'}. Awaited: false. Failure: Unable to create default SSLContext
2026-02-13 01:00:18 DEBUG org.mongodb.driver.cluster - Updating cluster description to  {type=REPLICA_SET, servers=[{address=docdb-2026-01-06-06-21-53.cfocyuk6aet4.ap-south-1.docdb.amazonaws.com:27017, type=UNKNOWN, state=CONNECTING, exception={com.mongodb.MongoClientException: Unable to create default SSLContext}, caused by {java.security.NoSuchAlgorithmException: Error constructing implementation (algorithm: Default, provider: SunJSSE, class: sun.security.ssl.SSLContextImpl$DefaultSSLContext)}, caused by {java.security.KeyStoreException: problem accessing trust store}, caused by {java.io.IOException: Keystore was tampered with, or password was incorrect}, caused by {java.security.UnrecoverableKeyException: Password verification failed}}]
2026-02-13 01:00:18 DEBUG org.mongodb.driver.cluster - Checking status of docdb-2026-01-06-06-21-53.cfocyuk6aet4.ap-south-1.docdb.amazonaws.com:27017
2026-02-13 01:00:18 DEBUG org.mongodb.driver.cluster - Heartbeat started for docdb-2026-01-06-06-21-53.cfocyuk6aet4.ap-south-1.docdb.amazonaws.com:27017 on connection with driver-generated ID 90 and server-generated ID null in topology with ID ClusterId{value='698e2a0841cef8246b179470', description='null'}. Awaited: false
2026-02-13 01:00:18 DEBUG org.mongodb.driver.cluster - Heartbeat failed in 1 ms for docdb-2026-01-06-06-21-53.cfocyuk6aet4.ap-south-1.docdb.amazonaws.com:27017 on connection with driver-generated ID 90 and server-generated ID null in topology with ID ClusterId{value='698e2a0841cef8246b179470', description='null'}. Awaited: false. Failure: Unable to create default SSLContext
2026-02-13 01:00:19 DEBUG org.mongodb.driver.cluster - Updating cluster description to  {type=REPLICA_SET, servers=[{address=docdb-2026-01-06-06-21-53.cfocyuk6aet4.ap-south-1.docdb.amazonaws.com:27017, type=UNKNOWN, state=CONNECTING, exception={com.mongodb.MongoClientException: Unable to create default SSLContext}, caused by {java.security.NoSuchAlgorithmException: Error constructing implementation (algorithm: Default, provider: SunJSSE, class: sun.security.ssl.SSLContextImpl$DefaultSSLContext)}, caused by {java.security.KeyStoreException: problem accessing trust store}, caused by {java.io.IOException: Keystore was tampered with, or password was incorrect}, caused by {java.security.UnrecoverableKeyException: Password verification failed}}]
2026-02-13 01:00:19 DEBUG org.mongodb.driver.cluster - Checking status of docdb-2026-01-06-06-21-53.cfocyuk6aet4.ap-south-1.docdb.amazonaws.com:27017
2026-02-13 01:00:19 DEBUG org.mongodb.driver.cluster - Heartbeat started for docdb-2026-01-06-06-21-53.cfocyuk6aet4.ap-south-1.docdb.amazonaws.com:27017 on connection with driver-generated ID 91 and server-generated ID null in topology with ID ClusterId{value='698e2a0841cef8246b179470', description='null'}. Awaited: false
2026-02-13 01:00:19 DEBUG org.mongodb.driver.cluster - Heartbeat failed in 0 ms for docdb-2026-01-06-06-21-53.cfocyuk6aet4.ap-south-1.docdb.amazonaws.com:27017 on connection with driver-generated ID 91 and server-generated ID null in topology with ID ClusterId{value='698e2a0841cef8246b179470', description='null'}. Awaited: false. Failure: Unable to create default SSLContext
2026-02-13 01:00:19 DEBUG org.mongodb.driver.cluster - Updating cluster description to  {type=REPLICA_SET, servers=[{address=docdb-2026-01-06-06-21-53.cfocyuk6aet4.ap-south-1.docdb.amazonaws.com:27017, type=UNKNOWN, state=CONNECTING, exception={com.mongodb.MongoClientException: Unable to create default SSLContext}, caused by {java.security.NoSuchAlgorithmException: Error constructing implementation (algorithm: Default, provider: SunJSSE, class: sun.security.ssl.SSLContextImpl$DefaultSSLContext)}, caused by {java.security.KeyStoreException: problem accessing trust store}, caused by {java.io.IOException: Keystore was tampered with, or password was incorrect}, caused by {java.security.UnrecoverableKeyException: Password verification failed}}]
2026-02-13 01:00:20 DEBUG org.mongodb.driver.cluster - Checking status of docdb-2026-01-06-06-21-53.cfocyuk6aet4.ap-south-1.docdb.amazonaws.com:27017
2026-02-13 01:00:20 DEBUG org.mongodb.driver.cluster - Heartbeat started for docdb-2026-01-06-06-21-53.cfocyuk6aet4.ap-south-1.docdb.amazonaws.com:27017 on connection with driver-generated ID 92 and server-generated ID null in topology with ID ClusterId{value='698e2a0841cef8246b179470', description='null'}. Awaited: false
2026-02-13 01:00:20 DEBUG org.mongodb.driver.cluster - Heartbeat failed in 0 ms for docdb-2026-01-06-06-21-53.cfocyuk6aet4.ap-south-1.docdb.amazonaws.com:27017 on connection with driver-generated ID 92 and server-generated ID null in topology with ID ClusterId{value='698e2a0841cef8246b179470', description='null'}. Awaited: false. Failure: Unable to create default SSLContext
2026-02-13 01:00:20 DEBUG org.mongodb.driver.cluster - Updating cluster description to  {type=REPLICA_SET, servers=[{address=docdb-2026-01-06-06-21-53.cfocyuk6aet4.ap-south-1.docdb.amazonaws.com:27017, type=UNKNOWN, state=CONNECTING, exception={com.mongodb.MongoClientException: Unable to create default SSLContext}, caused by {java.security.NoSuchAlgorithmException: Error constructing implementation (algorithm: Default, provider: SunJSSE, class: sun.security.ssl.SSLContextImpl$DefaultSSLContext)}, caused by {java.security.KeyStoreException: problem accessing trust store}, caused by {java.io.IOException: Keystore was tampered with, or password was incorrect}, caused by {java.security.UnrecoverableKeyException: Password verification failed}}]
2026-02-13 01:00:20 DEBUG org.mongodb.driver.cluster - Checking status of docdb-2026-01-06-06-21-53.cfocyuk6aet4.ap-south-1.docdb.amazonaws.com:27017
2026-02-13 01:00:20 DEBUG org.mongodb.driver.cluster - Heartbeat started for docdb-2026-01-06-06-21-53.cfocyuk6aet4.ap-south-1.docdb.amazonaws.com:27017 on connection with driver-generated ID 93 and server-generated ID null in topology with ID ClusterId{value='698e2a0841cef8246b179470', description='null'}. Awaited: false
2026-02-13 01:00:20 DEBUG org.mongodb.driver.cluster - Heartbeat failed in 1 ms for docdb-2026-01-06-06-21-53.cfocyuk6aet4.ap-south-1.docdb.amazonaws.com:27017 on connection with driver-generated ID 93 and server-generated ID null in topology with ID ClusterId{value='698e2a0841cef8246b179470', description='null'}. Awaited: false. Failure: Unable to create default SSLContext
2026-02-13 01:00:20 DEBUG org.mongodb.driver.cluster - Updating cluster description to  {type=REPLICA_SET, servers=[{address=docdb-2026-01-06-06-21-53.cfocyuk6aet4.ap-south-1.docdb.amazonaws.com:27017, type=UNKNOWN, state=CONNECTING, exception={com.mongodb.MongoClientException: Unable to create default SSLContext}, caused by {java.security.NoSuchAlgorithmException: Error constructing implementation (algorithm: Default, provider: SunJSSE, class: sun.security.ssl.SSLContextImpl$DefaultSSLContext)}, caused by {java.security.KeyStoreException: problem accessing trust store}, caused by {java.io.IOException: Keystore was tampered with, or password was incorrect}, caused by {java.security.UnrecoverableKeyException: Password verification failed}}]
2026-02-13 01:00:21 DEBUG org.mongodb.driver.cluster - Checking status of docdb-2026-01-06-06-21-53.cfocyuk6aet4.ap-south-1.docdb.amazonaws.com:27017
2026-02-13 01:00:21 DEBUG org.mongodb.driver.cluster - Heartbeat started for docdb-2026-01-06-06-21-53.cfocyuk6aet4.ap-south-1.docdb.amazonaws.com:27017 on connection with driver-generated ID 94 and server-generated ID null in topology with ID ClusterId{value='698e2a0841cef8246b179470', description='null'}. Awaited: false
2026-02-13 01:00:21 DEBUG org.mongodb.driver.cluster - Heartbeat failed in 4 ms for docdb-2026-01-06-06-21-53.cfocyuk6aet4.ap-south-1.docdb.amazonaws.com:27017 on connection with driver-generated ID 94 and server-generated ID null in topology with ID ClusterId{value='698e2a0841cef8246b179470', description='null'}. Awaited: false. Failure: Unable to create default SSLContext
2026-02-13 01:00:21 DEBUG org.mongodb.driver.cluster - Updating cluster description to  {type=REPLICA_SET, servers=[{address=docdb-2026-01-06-06-21-53.cfocyuk6aet4.ap-south-1.docdb.amazonaws.com:27017, type=UNKNOWN, state=CONNECTING, exception={com.mongodb.MongoClientException: Unable to create default SSLContext}, caused by {java.security.NoSuchAlgorithmException: Error constructing implementation (algorithm: Default, provider: SunJSSE, class: sun.security.ssl.SSLContextImpl$DefaultSSLContext)}, caused by {java.security.KeyStoreException: problem accessing trust store}, caused by {java.io.IOException: Keystore was tampered with, or password was incorrect}, caused by {java.security.UnrecoverableKeyException: Password verification failed}}]
2026-02-13 01:00:21 DEBUG org.mongodb.driver.cluster - Checking status of docdb-2026-01-06-06-21-53.cfocyuk6aet4.ap-south-1.docdb.amazonaws.com:27017
2026-02-13 01:00:21 DEBUG org.mongodb.driver.cluster - Heartbeat started for docdb-2026-01-06-06-21-53.cfocyuk6aet4.ap-south-1.docdb.amazonaws.com:27017 on connection with driver-generated ID 95 and server-generated ID null in topology with ID ClusterId{value='698e2a0841cef8246b179470', description='null'}. Awaited: false
2026-02-13 01:00:21 DEBUG org.mongodb.driver.cluster - Heartbeat failed in 0 ms for docdb-2026-01-06-06-21-53.cfocyuk6aet4.ap-south-1.docdb.amazonaws.com:27017 on connection with driver-generated ID 95 and server-generated ID null in topology with ID ClusterId{value='698e2a0841cef8246b179470', description='null'}. Awaited: false. Failure: Unable to create default SSLContext
2026-02-13 01:00:21 DEBUG org.mongodb.driver.cluster - Updating cluster description to  {type=REPLICA_SET, servers=[{address=docdb-2026-01-06-06-21-53.cfocyuk6aet4.ap-south-1.docdb.amazonaws.com:27017, type=UNKNOWN, state=CONNECTING, exception={com.mongodb.MongoClientException: Unable to create default SSLContext}, caused by {java.security.NoSuchAlgorithmException: Error constructing implementation (algorithm: Default, provider: SunJSSE, class: sun.security.ssl.SSLContextImpl$DefaultSSLContext)}, caused by {java.security.KeyStoreException: problem accessing trust store}, caused by {java.io.IOException: Keystore was tampered with, or password was incorrect}, caused by {java.security.UnrecoverableKeyException: Password verification failed}}]
2026-02-13 01:00:22 DEBUG org.mongodb.driver.cluster - Checking status of docdb-2026-01-06-06-21-53.cfocyuk6aet4.ap-south-1.docdb.amazonaws.com:27017
2026-02-13 01:00:22 DEBUG org.mongodb.driver.cluster - Heartbeat started for docdb-2026-01-06-06-21-53.cfocyuk6aet4.ap-south-1.docdb.amazonaws.com:27017 on connection with driver-generated ID 96 and server-generated ID null in topology with ID ClusterId{value='698e2a0841cef8246b179470', description='null'}. Awaited: false
2026-02-13 01:00:22 DEBUG org.mongodb.driver.cluster - Heartbeat failed in 0 ms for docdb-2026-01-06-06-21-53.cfocyuk6aet4.ap-south-1.docdb.amazonaws.com:27017 on connection with driver-generated ID 96 and server-generated ID null in topology with ID ClusterId{value='698e2a0841cef8246b179470', description='null'}. Awaited: false. Failure: Unable to create default SSLContext
2026-02-13 01:00:22 DEBUG org.mongodb.driver.cluster - Updating cluster description to  {type=REPLICA_SET, servers=[{address=docdb-2026-01-06-06-21-53.cfocyuk6aet4.ap-south-1.docdb.amazonaws.com:27017, type=UNKNOWN, state=CONNECTING, exception={com.mongodb.MongoClientException: Unable to create default SSLContext}, caused by {java.security.NoSuchAlgorithmException: Error constructing implementation (algorithm: Default, provider: SunJSSE, class: sun.security.ssl.SSLContextImpl$DefaultSSLContext)}, caused by {java.security.KeyStoreException: problem accessing trust store}, caused by {java.io.IOException: Keystore was tampered with, or password was incorrect}, caused by {java.security.UnrecoverableKeyException: Password verification failed}}]
2026-02-13 01:00:22 DEBUG org.mongodb.driver.cluster - Checking status of docdb-2026-01-06-06-21-53.cfocyuk6aet4.ap-south-1.docdb.amazonaws.com:27017
2026-02-13 01:00:22 DEBUG org.mongodb.driver.cluster - Heartbeat started for docdb-2026-01-06-06-21-53.cfocyuk6aet4.ap-south-1.docdb.amazonaws.com:27017 on connection with driver-generated ID 97 and server-generated ID null in topology with ID ClusterId{value='698e2a0841cef8246b179470', description='null'}. Awaited: false
2026-02-13 01:00:22 DEBUG org.mongodb.driver.cluster - Heartbeat failed in 0 ms for docdb-2026-01-06-06-21-53.cfocyuk6aet4.ap-south-1.docdb.amazonaws.com:27017 on connection with driver-generated ID 97 and server-generated ID null in topology with ID ClusterId{value='698e2a0841cef8246b179470', description='null'}. Awaited: false. Failure: Unable to create default SSLContext
2026-02-13 01:00:22 DEBUG org.mongodb.driver.cluster - Updating cluster description to  {type=REPLICA_SET, servers=[{address=docdb-2026-01-06-06-21-53.cfocyuk6aet4.ap-south-1.docdb.amazonaws.com:27017, type=UNKNOWN, state=CONNECTING, exception={com.mongodb.MongoClientException: Unable to create default SSLContext}, caused by {java.security.NoSuchAlgorithmException: Error constructing implementation (algorithm: Default, provider: SunJSSE, class: sun.security.ssl.SSLContextImpl$DefaultSSLContext)}, caused by {java.security.KeyStoreException: problem accessing trust store}, caused by {java.io.IOException: Keystore was tampered with, or password was incorrect}, caused by {java.security.UnrecoverableKeyException: Password verification failed}}]
2026-02-13 01:00:23 DEBUG org.mongodb.driver.cluster - Checking status of docdb-2026-01-06-06-21-53.cfocyuk6aet4.ap-south-1.docdb.amazonaws.com:27017
2026-02-13 01:00:23 DEBUG org.mongodb.driver.cluster - Heartbeat started for docdb-2026-01-06-06-21-53.cfocyuk6aet4.ap-south-1.docdb.amazonaws.com:27017 on connection with driver-generated ID 98 and server-generated ID null in topology with ID ClusterId{value='698e2a0841cef8246b179470', description='null'}. Awaited: false
2026-02-13 01:00:23 DEBUG org.mongodb.driver.cluster - Heartbeat failed in 4 ms for docdb-2026-01-06-06-21-53.cfocyuk6aet4.ap-south-1.docdb.amazonaws.com:27017 on connection with driver-generated ID 98 and server-generated ID null in topology with ID ClusterId{value='698e2a0841cef8246b179470', description='null'}. Awaited: false. Failure: Unable to create default SSLContext
2026-02-13 01:00:23 DEBUG org.mongodb.driver.cluster - Updating cluster description to  {type=REPLICA_SET, servers=[{address=docdb-2026-01-06-06-21-53.cfocyuk6aet4.ap-south-1.docdb.amazonaws.com:27017, type=UNKNOWN, state=CONNECTING, exception={com.mongodb.MongoClientException: Unable to create default SSLContext}, caused by {java.security.NoSuchAlgorithmException: Error constructing implementation (algorithm: Default, provider: SunJSSE, class: sun.security.ssl.SSLContextImpl$DefaultSSLContext)}, caused by {java.security.KeyStoreException: problem accessing trust store}, caused by {java.io.IOException: Keystore was tampered with, or password was incorrect}, caused by {java.security.UnrecoverableKeyException: Password verification failed}}]
2026-02-13 01:00:23 DEBUG org.mongodb.driver.cluster - Checking status of docdb-2026-01-06-06-21-53.cfocyuk6aet4.ap-south-1.docdb.amazonaws.com:27017
2026-02-13 01:00:23 DEBUG org.mongodb.driver.cluster - Heartbeat started for docdb-2026-01-06-06-21-53.cfocyuk6aet4.ap-south-1.docdb.amazonaws.com:27017 on connection with driver-generated ID 99 and server-generated ID null in topology with ID ClusterId{value='698e2a0841cef8246b179470', description='null'}. Awaited: false
2026-02-13 01:00:23 DEBUG org.mongodb.driver.cluster - Heartbeat failed in 0 ms for docdb-2026-01-06-06-21-53.cfocyuk6aet4.ap-south-1.docdb.amazonaws.com:27017 on connection with driver-generated ID 99 and server-generated ID null in topology with ID ClusterId{value='698e2a0841cef8246b179470', description='null'}. Awaited: false. Failure: Unable to create default SSLContext
2026-02-13 01:00:23 DEBUG org.mongodb.driver.cluster - Updating cluster description to  {type=REPLICA_SET, servers=[{address=docdb-2026-01-06-06-21-53.cfocyuk6aet4.ap-south-1.docdb.amazonaws.com:27017, type=UNKNOWN, state=CONNECTING, exception={com.mongodb.MongoClientException: Unable to create default SSLContext}, caused by {java.security.NoSuchAlgorithmException: Error constructing implementation (algorithm: Default, provider: SunJSSE, class: sun.security.ssl.SSLContextImpl$DefaultSSLContext)}, caused by {java.security.KeyStoreException: problem accessing trust store}, caused by {java.io.IOException: Keystore was tampered with, or password was incorrect}, caused by {java.security.UnrecoverableKeyException: Password verification failed}}]
2026-02-13 01:00:24 DEBUG org.mongodb.driver.cluster - Checking status of docdb-2026-01-06-06-21-53.cfocyuk6aet4.ap-south-1.docdb.amazonaws.com:27017
2026-02-13 01:00:24 DEBUG org.mongodb.driver.cluster - Heartbeat started for docdb-2026-01-06-06-21-53.cfocyuk6aet4.ap-south-1.docdb.amazonaws.com:27017 on connection with driver-generated ID 100 and server-generated ID null in topology with ID ClusterId{value='698e2a0841cef8246b179470', description='null'}. Awaited: false
2026-02-13 01:00:24 DEBUG org.mongodb.driver.cluster - Heartbeat failed in 0 ms for docdb-2026-01-06-06-21-53.cfocyuk6aet4.ap-south-1.docdb.amazonaws.com:27017 on connection with driver-generated ID 100 and server-generated ID null in topology with ID ClusterId{value='698e2a0841cef8246b179470', description='null'}. Awaited: false. Failure: Unable to create default SSLContext
2026-02-13 01:00:24 DEBUG org.mongodb.driver.cluster - Updating cluster description to  {type=REPLICA_SET, servers=[{address=docdb-2026-01-06-06-21-53.cfocyuk6aet4.ap-south-1.docdb.amazonaws.com:27017, type=UNKNOWN, state=CONNECTING, exception={com.mongodb.MongoClientException: Unable to create default SSLContext}, caused by {java.security.NoSuchAlgorithmException: Error constructing implementation (algorithm: Default, provider: SunJSSE, class: sun.security.ssl.SSLContextImpl$DefaultSSLContext)}, caused by {java.security.KeyStoreException: problem accessing trust store}, caused by {java.io.IOException: Keystore was tampered with, or password was incorrect}, caused by {java.security.UnrecoverableKeyException: Password verification failed}}]
2026-02-13 01:00:24 DEBUG org.mongodb.driver.cluster - Checking status of docdb-2026-01-06-06-21-53.cfocyuk6aet4.ap-south-1.docdb.amazonaws.com:27017
2026-02-13 01:00:24 DEBUG org.mongodb.driver.cluster - Heartbeat started for docdb-2026-01-06-06-21-53.cfocyuk6aet4.ap-south-1.docdb.amazonaws.com:27017 on connection with driver-generated ID 101 and server-generated ID null in topology with ID ClusterId{value='698e2a0841cef8246b179470', description='null'}. Awaited: false
2026-02-13 01:00:24 DEBUG org.mongodb.driver.cluster - Heartbeat failed in 1 ms for docdb-2026-01-06-06-21-53.cfocyuk6aet4.ap-south-1.docdb.amazonaws.com:27017 on connection with driver-generated ID 101 and server-generated ID null in topology with ID ClusterId{value='698e2a0841cef8246b179470', description='null'}. Awaited: false. Failure: Unable to create default SSLContext
2026-02-13 01:00:24 DEBUG org.mongodb.driver.cluster - Updating cluster description to  {type=REPLICA_SET, servers=[{address=docdb-2026-01-06-06-21-53.cfocyuk6aet4.ap-south-1.docdb.amazonaws.com:27017, type=UNKNOWN, state=CONNECTING, exception={com.mongodb.MongoClientException: Unable to create default SSLContext}, caused by {java.security.NoSuchAlgorithmException: Error constructing implementation (algorithm: Default, provider: SunJSSE, class: sun.security.ssl.SSLContextImpl$DefaultSSLContext)}, caused by {java.security.KeyStoreException: problem accessing trust store}, caused by {java.io.IOException: Keystore was tampered with, or password was incorrect}, caused by {java.security.UnrecoverableKeyException: Password verification failed}}]
2026-02-13 01:00:25 DEBUG org.mongodb.driver.cluster - Checking status of docdb-2026-01-06-06-21-53.cfocyuk6aet4.ap-south-1.docdb.amazonaws.com:27017
2026-02-13 01:00:25 DEBUG org.mongodb.driver.cluster - Heartbeat started for docdb-2026-01-06-06-21-53.cfocyuk6aet4.ap-south-1.docdb.amazonaws.com:27017 on connection with driver-generated ID 102 and server-generated ID null in topology with ID ClusterId{value='698e2a0841cef8246b179470', description='null'}. Awaited: false
2026-02-13 01:00:25 DEBUG org.mongodb.driver.cluster - Heartbeat failed in 1 ms for docdb-2026-01-06-06-21-53.cfocyuk6aet4.ap-south-1.docdb.amazonaws.com:27017 on connection with driver-generated ID 102 and server-generated ID null in topology with ID ClusterId{value='698e2a0841cef8246b179470', description='null'}. Awaited: false. Failure: Unable to create default SSLContext
2026-02-13 01:00:25 DEBUG org.mongodb.driver.cluster - Updating cluster description to  {type=REPLICA_SET, servers=[{address=docdb-2026-01-06-06-21-53.cfocyuk6aet4.ap-south-1.docdb.amazonaws.com:27017, type=UNKNOWN, state=CONNECTING, exception={com.mongodb.MongoClientException: Unable to create default SSLContext}, caused by {java.security.NoSuchAlgorithmException: Error constructing implementation (algorithm: Default, provider: SunJSSE, class: sun.security.ssl.SSLContextImpl$DefaultSSLContext)}, caused by {java.security.KeyStoreException: problem accessing trust store}, caused by {java.io.IOException: Keystore was tampered with, or password was incorrect}, caused by {java.security.UnrecoverableKeyException: Password verification failed}}]
2026-02-13 01:00:25 DEBUG org.mongodb.driver.cluster - Checking status of docdb-2026-01-06-06-21-53.cfocyuk6aet4.ap-south-1.docdb.amazonaws.com:27017
2026-02-13 01:00:25 DEBUG org.mongodb.driver.cluster - Heartbeat started for docdb-2026-01-06-06-21-53.cfocyuk6aet4.ap-south-1.docdb.amazonaws.com:27017 on connection with driver-generated ID 103 and server-generated ID null in topology with ID ClusterId{value='698e2a0841cef8246b179470', description='null'}. Awaited: false
2026-02-13 01:00:25 DEBUG org.mongodb.driver.cluster - Heartbeat failed in 0 ms for docdb-2026-01-06-06-21-53.cfocyuk6aet4.ap-south-1.docdb.amazonaws.com:27017 on connection with driver-generated ID 103 and server-generated ID null in topology with ID ClusterId{value='698e2a0841cef8246b179470', description='null'}. Awaited: false. Failure: Unable to create default SSLContext
2026-02-13 01:00:25 DEBUG org.mongodb.driver.cluster - Updating cluster description to  {type=REPLICA_SET, servers=[{address=docdb-2026-01-06-06-21-53.cfocyuk6aet4.ap-south-1.docdb.amazonaws.com:27017, type=UNKNOWN, state=CONNECTING, exception={com.mongodb.MongoClientException: Unable to create default SSLContext}, caused by {java.security.NoSuchAlgorithmException: Error constructing implementation (algorithm: Default, provider: SunJSSE, class: sun.security.ssl.SSLContextImpl$DefaultSSLContext)}, caused by {java.security.KeyStoreException: problem accessing trust store}, caused by {java.io.IOException: Keystore was tampered with, or password was incorrect}, caused by {java.security.UnrecoverableKeyException: Password verification failed}}]
2026-02-13 01:00:26 DEBUG org.mongodb.driver.cluster - Checking status of docdb-2026-01-06-06-21-53.cfocyuk6aet4.ap-south-1.docdb.amazonaws.com:27017
2026-02-13 01:00:26 DEBUG org.mongodb.driver.cluster - Heartbeat started for docdb-2026-01-06-06-21-53.cfocyuk6aet4.ap-south-1.docdb.amazonaws.com:27017 on connection with driver-generated ID 104 and server-generated ID null in topology with ID ClusterId{value='698e2a0841cef8246b179470', description='null'}. Awaited: false
2026-02-13 01:00:26 DEBUG org.mongodb.driver.cluster - Heartbeat failed in 0 ms for docdb-2026-01-06-06-21-53.cfocyuk6aet4.ap-south-1.docdb.amazonaws.com:27017 on connection with driver-generated ID 104 and server-generated ID null in topology with ID ClusterId{value='698e2a0841cef8246b179470', description='null'}. Awaited: false. Failure: Unable to create default SSLContext
2026-02-13 01:00:26 DEBUG org.mongodb.driver.cluster - Updating cluster description to  {type=REPLICA_SET, servers=[{address=docdb-2026-01-06-06-21-53.cfocyuk6aet4.ap-south-1.docdb.amazonaws.com:27017, type=UNKNOWN, state=CONNECTING, exception={com.mongodb.MongoClientException: Unable to create default SSLContext}, caused by {java.security.NoSuchAlgorithmException: Error constructing implementation (algorithm: Default, provider: SunJSSE, class: sun.security.ssl.SSLContextImpl$DefaultSSLContext)}, caused by {java.security.KeyStoreException: problem accessing trust store}, caused by {java.io.IOException: Keystore was tampered with, or password was incorrect}, caused by {java.security.UnrecoverableKeyException: Password verification failed}}]
2026-02-13 01:00:26 DEBUG org.mongodb.driver.cluster - Checking status of docdb-2026-01-06-06-21-53.cfocyuk6aet4.ap-south-1.docdb.amazonaws.com:27017
2026-02-13 01:00:26 DEBUG org.mongodb.driver.cluster - Heartbeat started for docdb-2026-01-06-06-21-53.cfocyuk6aet4.ap-south-1.docdb.amazonaws.com:27017 on connection with driver-generated ID 105 and server-generated ID null in topology with ID ClusterId{value='698e2a0841cef8246b179470', description='null'}. Awaited: false
2026-02-13 01:00:26 DEBUG org.mongodb.driver.cluster - Heartbeat failed in 0 ms for docdb-2026-01-06-06-21-53.cfocyuk6aet4.ap-south-1.docdb.amazonaws.com:27017 on connection with driver-generated ID 105 and server-generated ID null in topology with ID ClusterId{value='698e2a0841cef8246b179470', description='null'}. Awaited: false. Failure: Unable to create default SSLContext
2026-02-13 01:00:26 DEBUG org.mongodb.driver.cluster - Updating cluster description to  {type=REPLICA_SET, servers=[{address=docdb-2026-01-06-06-21-53.cfocyuk6aet4.ap-south-1.docdb.amazonaws.com:27017, type=UNKNOWN, state=CONNECTING, exception={com.mongodb.MongoClientException: Unable to create default SSLContext}, caused by {java.security.NoSuchAlgorithmException: Error constructing implementation (algorithm: Default, provider: SunJSSE, class: sun.security.ssl.SSLContextImpl$DefaultSSLContext)}, caused by {java.security.KeyStoreException: problem accessing trust store}, caused by {java.io.IOException: Keystore was tampered with, or password was incorrect}, caused by {java.security.UnrecoverableKeyException: Password verification failed}}]
2026-02-13 01:00:27 DEBUG org.mongodb.driver.cluster - Checking status of docdb-2026-01-06-06-21-53.cfocyuk6aet4.ap-south-1.docdb.amazonaws.com:27017
2026-02-13 01:00:27 DEBUG org.mongodb.driver.cluster - Heartbeat started for docdb-2026-01-06-06-21-53.cfocyuk6aet4.ap-south-1.docdb.amazonaws.com:27017 on connection with driver-generated ID 106 and server-generated ID null in topology with ID ClusterId{value='698e2a0841cef8246b179470', description='null'}. Awaited: false
2026-02-13 01:00:27 DEBUG org.mongodb.driver.cluster - Heartbeat failed in 0 ms for docdb-2026-01-06-06-21-53.cfocyuk6aet4.ap-south-1.docdb.amazonaws.com:27017 on connection with driver-generated ID 106 and server-generated ID null in topology with ID ClusterId{value='698e2a0841cef8246b179470', description='null'}. Awaited: false. Failure: Unable to create default SSLContext
2026-02-13 01:00:27 DEBUG org.mongodb.driver.cluster - Updating cluster description to  {type=REPLICA_SET, servers=[{address=docdb-2026-01-06-06-21-53.cfocyuk6aet4.ap-south-1.docdb.amazonaws.com:27017, type=UNKNOWN, state=CONNECTING, exception={com.mongodb.MongoClientException: Unable to create default SSLContext}, caused by {java.security.NoSuchAlgorithmException: Error constructing implementation (algorithm: Default, provider: SunJSSE, class: sun.security.ssl.SSLContextImpl$DefaultSSLContext)}, caused by {java.security.KeyStoreException: problem accessing trust store}, caused by {java.io.IOException: Keystore was tampered with, or password was incorrect}, caused by {java.security.UnrecoverableKeyException: Password verification failed}}]
2026-02-13 01:00:27 DEBUG org.mongodb.driver.cluster - Checking status of docdb-2026-01-06-06-21-53.cfocyuk6aet4.ap-south-1.docdb.amazonaws.com:27017
2026-02-13 01:00:27 DEBUG org.mongodb.driver.cluster - Heartbeat started for docdb-2026-01-06-06-21-53.cfocyuk6aet4.ap-south-1.docdb.amazonaws.com:27017 on connection with driver-generated ID 107 and server-generated ID null in topology with ID ClusterId{value='698e2a0841cef8246b179470', description='null'}. Awaited: false
2026-02-13 01:00:27 DEBUG org.mongodb.driver.cluster - Heartbeat failed in 1 ms for docdb-2026-01-06-06-21-53.cfocyuk6aet4.ap-south-1.docdb.amazonaws.com:27017 on connection with driver-generated ID 107 and server-generated ID null in topology with ID ClusterId{value='698e2a0841cef8246b179470', description='null'}. Awaited: false. Failure: Unable to create default SSLContext
2026-02-13 01:00:27 DEBUG org.mongodb.driver.cluster - Updating cluster description to  {type=REPLICA_SET, servers=[{address=docdb-2026-01-06-06-21-53.cfocyuk6aet4.ap-south-1.docdb.amazonaws.com:27017, type=UNKNOWN, state=CONNECTING, exception={com.mongodb.MongoClientException: Unable to create default SSLContext}, caused by {java.security.NoSuchAlgorithmException: Error constructing implementation (algorithm: Default, provider: SunJSSE, class: sun.security.ssl.SSLContextImpl$DefaultSSLContext)}, caused by {java.security.KeyStoreException: problem accessing trust store}, caused by {java.io.IOException: Keystore was tampered with, or password was incorrect}, caused by {java.security.UnrecoverableKeyException: Password verification failed}}]
2026-02-13 01:00:28 DEBUG org.mongodb.driver.cluster - Checking status of docdb-2026-01-06-06-21-53.cfocyuk6aet4.ap-south-1.docdb.amazonaws.com:27017
2026-02-13 01:00:28 DEBUG org.mongodb.driver.cluster - Heartbeat started for docdb-2026-01-06-06-21-53.cfocyuk6aet4.ap-south-1.docdb.amazonaws.com:27017 on connection with driver-generated ID 108 and server-generated ID null in topology with ID ClusterId{value='698e2a0841cef8246b179470', description='null'}. Awaited: false
2026-02-13 01:00:28 DEBUG org.mongodb.driver.cluster - Heartbeat failed in 0 ms for docdb-2026-01-06-06-21-53.cfocyuk6aet4.ap-south-1.docdb.amazonaws.com:27017 on connection with driver-generated ID 108 and server-generated ID null in topology with ID ClusterId{value='698e2a0841cef8246b179470', description='null'}. Awaited: false. Failure: Unable to create default SSLContext
2026-02-13 01:00:28 DEBUG org.mongodb.driver.cluster - Updating cluster description to  {type=REPLICA_SET, servers=[{address=docdb-2026-01-06-06-21-53.cfocyuk6aet4.ap-south-1.docdb.amazonaws.com:27017, type=UNKNOWN, state=CONNECTING, exception={com.mongodb.MongoClientException: Unable to create default SSLContext}, caused by {java.security.NoSuchAlgorithmException: Error constructing implementation (algorithm: Default, provider: SunJSSE, class: sun.security.ssl.SSLContextImpl$DefaultSSLContext)}, caused by {java.security.KeyStoreException: problem accessing trust store}, caused by {java.io.IOException: Keystore was tampered with, or password was incorrect}, caused by {java.security.UnrecoverableKeyException: Password verification failed}}]
2026-02-13 01:00:28 DEBUG org.mongodb.driver.cluster - Checking status of docdb-2026-01-06-06-21-53.cfocyuk6aet4.ap-south-1.docdb.amazonaws.com:27017
2026-02-13 01:00:28 DEBUG org.mongodb.driver.cluster - Heartbeat started for docdb-2026-01-06-06-21-53.cfocyuk6aet4.ap-south-1.docdb.amazonaws.com:27017 on connection with driver-generated ID 109 and server-generated ID null in topology with ID ClusterId{value='698e2a0841cef8246b179470', description='null'}. Awaited: false
2026-02-13 01:00:28 DEBUG org.mongodb.driver.cluster - Heartbeat failed in 0 ms for docdb-2026-01-06-06-21-53.cfocyuk6aet4.ap-south-1.docdb.amazonaws.com:27017 on connection with driver-generated ID 109 and server-generated ID null in topology with ID ClusterId{value='698e2a0841cef8246b179470', description='null'}. Awaited: false. Failure: Unable to create default SSLContext
2026-02-13 01:00:28 DEBUG org.mongodb.driver.cluster - Updating cluster description to  {type=REPLICA_SET, servers=[{address=docdb-2026-01-06-06-21-53.cfocyuk6aet4.ap-south-1.docdb.amazonaws.com:27017, type=UNKNOWN, state=CONNECTING, exception={com.mongodb.MongoClientException: Unable to create default SSLContext}, caused by {java.security.NoSuchAlgorithmException: Error constructing implementation (algorithm: Default, provider: SunJSSE, class: sun.security.ssl.SSLContextImpl$DefaultSSLContext)}, caused by {java.security.KeyStoreException: problem accessing trust store}, caused by {java.io.IOException: Keystore was tampered with, or password was incorrect}, caused by {java.security.UnrecoverableKeyException: Password verification failed}}]
2026-02-13 01:00:29 DEBUG org.mongodb.driver.cluster - Checking status of docdb-2026-01-06-06-21-53.cfocyuk6aet4.ap-south-1.docdb.amazonaws.com:27017
2026-02-13 01:00:29 DEBUG org.mongodb.driver.cluster - Heartbeat started for docdb-2026-01-06-06-21-53.cfocyuk6aet4.ap-south-1.docdb.amazonaws.com:27017 on connection with driver-generated ID 110 and server-generated ID null in topology with ID ClusterId{value='698e2a0841cef8246b179470', description='null'}. Awaited: false
2026-02-13 01:00:29 DEBUG org.mongodb.driver.cluster - Heartbeat failed in 0 ms for docdb-2026-01-06-06-21-53.cfocyuk6aet4.ap-south-1.docdb.amazonaws.com:27017 on connection with driver-generated ID 110 and server-generated ID null in topology with ID ClusterId{value='698e2a0841cef8246b179470', description='null'}. Awaited: false. Failure: Unable to create default SSLContext
2026-02-13 01:00:29 DEBUG org.mongodb.driver.cluster - Updating cluster description to  {type=REPLICA_SET, servers=[{address=docdb-2026-01-06-06-21-53.cfocyuk6aet4.ap-south-1.docdb.amazonaws.com:27017, type=UNKNOWN, state=CONNECTING, exception={com.mongodb.MongoClientException: Unable to create default SSLContext}, caused by {java.security.NoSuchAlgorithmException: Error constructing implementation (algorithm: Default, provider: SunJSSE, class: sun.security.ssl.SSLContextImpl$DefaultSSLContext)}, caused by {java.security.KeyStoreException: problem accessing trust store}, caused by {java.io.IOException: Keystore was tampered with, or password was incorrect}, caused by {java.security.UnrecoverableKeyException: Password verification failed}}]
2026-02-13 01:00:29 DEBUG org.mongodb.driver.cluster - Checking status of docdb-2026-01-06-06-21-53.cfocyuk6aet4.ap-south-1.docdb.amazonaws.com:27017
2026-02-13 01:00:29 DEBUG org.mongodb.driver.cluster - Heartbeat started for docdb-2026-01-06-06-21-53.cfocyuk6aet4.ap-south-1.docdb.amazonaws.com:27017 on connection with driver-generated ID 111 and server-generated ID null in topology with ID ClusterId{value='698e2a0841cef8246b179470', description='null'}. Awaited: false
2026-02-13 01:00:29 DEBUG org.mongodb.driver.cluster - Heartbeat failed in 0 ms for docdb-2026-01-06-06-21-53.cfocyuk6aet4.ap-south-1.docdb.amazonaws.com:27017 on connection with driver-generated ID 111 and server-generated ID null in topology with ID ClusterId{value='698e2a0841cef8246b179470', description='null'}. Awaited: false. Failure: Unable to create default SSLContext
2026-02-13 01:00:29 DEBUG org.mongodb.driver.cluster - Updating cluster description to  {type=REPLICA_SET, servers=[{address=docdb-2026-01-06-06-21-53.cfocyuk6aet4.ap-south-1.docdb.amazonaws.com:27017, type=UNKNOWN, state=CONNECTING, exception={com.mongodb.MongoClientException: Unable to create default SSLContext}, caused by {java.security.NoSuchAlgorithmException: Error constructing implementation (algorithm: Default, provider: SunJSSE, class: sun.security.ssl.SSLContextImpl$DefaultSSLContext)}, caused by {java.security.KeyStoreException: problem accessing trust store}, caused by {java.io.IOException: Keystore was tampered with, or password was incorrect}, caused by {java.security.UnrecoverableKeyException: Password verification failed}}]
2026-02-13 01:00:30 DEBUG org.mongodb.driver.cluster - Checking status of docdb-2026-01-06-06-21-53.cfocyuk6aet4.ap-south-1.docdb.amazonaws.com:27017
2026-02-13 01:00:30 DEBUG org.mongodb.driver.cluster - Heartbeat started for docdb-2026-01-06-06-21-53.cfocyuk6aet4.ap-south-1.docdb.amazonaws.com:27017 on connection with driver-generated ID 112 and server-generated ID null in topology with ID ClusterId{value='698e2a0841cef8246b179470', description='null'}. Awaited: false
2026-02-13 01:00:30 DEBUG org.mongodb.driver.cluster - Heartbeat failed in 0 ms for docdb-2026-01-06-06-21-53.cfocyuk6aet4.ap-south-1.docdb.amazonaws.com:27017 on connection with driver-generated ID 112 and server-generated ID null in topology with ID ClusterId{value='698e2a0841cef8246b179470', description='null'}. Awaited: false. Failure: Unable to create default SSLContext
2026-02-13 01:00:30 DEBUG org.mongodb.driver.cluster - Updating cluster description to  {type=REPLICA_SET, servers=[{address=docdb-2026-01-06-06-21-53.cfocyuk6aet4.ap-south-1.docdb.amazonaws.com:27017, type=UNKNOWN, state=CONNECTING, exception={com.mongodb.MongoClientException: Unable to create default SSLContext}, caused by {java.security.NoSuchAlgorithmException: Error constructing implementation (algorithm: Default, provider: SunJSSE, class: sun.security.ssl.SSLContextImpl$DefaultSSLContext)}, caused by {java.security.KeyStoreException: problem accessing trust store}, caused by {java.io.IOException: Keystore was tampered with, or password was incorrect}, caused by {java.security.UnrecoverableKeyException: Password verification failed}}]
2026-02-13 01:00:30 DEBUG org.mongodb.driver.cluster - Checking status of docdb-2026-01-06-06-21-53.cfocyuk6aet4.ap-south-1.docdb.amazonaws.com:27017
2026-02-13 01:00:30 DEBUG org.mongodb.driver.cluster - Heartbeat started for docdb-2026-01-06-06-21-53.cfocyuk6aet4.ap-south-1.docdb.amazonaws.com:27017 on connection with driver-generated ID 113 and server-generated ID null in topology with ID ClusterId{value='698e2a0841cef8246b179470', description='null'}. Awaited: false
2026-02-13 01:00:30 DEBUG org.mongodb.driver.cluster - Heartbeat failed in 0 ms for docdb-2026-01-06-06-21-53.cfocyuk6aet4.ap-south-1.docdb.amazonaws.com:27017 on connection with driver-generated ID 113 and server-generated ID null in topology with ID ClusterId{value='698e2a0841cef8246b179470', description='null'}. Awaited: false. Failure: Unable to create default SSLContext
2026-02-13 01:00:30 DEBUG org.mongodb.driver.cluster - Updating cluster description to  {type=REPLICA_SET, servers=[{address=docdb-2026-01-06-06-21-53.cfocyuk6aet4.ap-south-1.docdb.amazonaws.com:27017, type=UNKNOWN, state=CONNECTING, exception={com.mongodb.MongoClientException: Unable to create default SSLContext}, caused by {java.security.NoSuchAlgorithmException: Error constructing implementation (algorithm: Default, provider: SunJSSE, class: sun.security.ssl.SSLContextImpl$DefaultSSLContext)}, caused by {java.security.KeyStoreException: problem accessing trust store}, caused by {java.io.IOException: Keystore was tampered with, or password was incorrect}, caused by {java.security.UnrecoverableKeyException: Password verification failed}}]
2026-02-13 01:00:31 DEBUG org.mongodb.driver.cluster - Checking status of docdb-2026-01-06-06-21-53.cfocyuk6aet4.ap-south-1.docdb.amazonaws.com:27017
2026-02-13 01:00:31 DEBUG org.mongodb.driver.cluster - Heartbeat started for docdb-2026-01-06-06-21-53.cfocyuk6aet4.ap-south-1.docdb.amazonaws.com:27017 on connection with driver-generated ID 114 and server-generated ID null in topology with ID ClusterId{value='698e2a0841cef8246b179470', description='null'}. Awaited: false
2026-02-13 01:00:31 DEBUG org.mongodb.driver.cluster - Heartbeat failed in 1 ms for docdb-2026-01-06-06-21-53.cfocyuk6aet4.ap-south-1.docdb.amazonaws.com:27017 on connection with driver-generated ID 114 and server-generated ID null in topology with ID ClusterId{value='698e2a0841cef8246b179470', description='null'}. Awaited: false. Failure: Unable to create default SSLContext
2026-02-13 01:00:31 DEBUG org.mongodb.driver.cluster - Updating cluster description to  {type=REPLICA_SET, servers=[{address=docdb-2026-01-06-06-21-53.cfocyuk6aet4.ap-south-1.docdb.amazonaws.com:27017, type=UNKNOWN, state=CONNECTING, exception={com.mongodb.MongoClientException: Unable to create default SSLContext}, caused by {java.security.NoSuchAlgorithmException: Error constructing implementation (algorithm: Default, provider: SunJSSE, class: sun.security.ssl.SSLContextImpl$DefaultSSLContext)}, caused by {java.security.KeyStoreException: problem accessing trust store}, caused by {java.io.IOException: Keystore was tampered with, or password was incorrect}, caused by {java.security.UnrecoverableKeyException: Password verification failed}}]
2026-02-13 01:00:31 DEBUG org.mongodb.driver.cluster - Checking status of docdb-2026-01-06-06-21-53.cfocyuk6aet4.ap-south-1.docdb.amazonaws.com:27017
2026-02-13 01:00:31 DEBUG org.mongodb.driver.cluster - Heartbeat started for docdb-2026-01-06-06-21-53.cfocyuk6aet4.ap-south-1.docdb.amazonaws.com:27017 on connection with driver-generated ID 115 and server-generated ID null in topology with ID ClusterId{value='698e2a0841cef8246b179470', description='null'}. Awaited: false
2026-02-13 01:00:31 DEBUG org.mongodb.driver.cluster - Heartbeat failed in 0 ms for docdb-2026-01-06-06-21-53.cfocyuk6aet4.ap-south-1.docdb.amazonaws.com:27017 on connection with driver-generated ID 115 and server-generated ID null in topology with ID ClusterId{value='698e2a0841cef8246b179470', description='null'}. Awaited: false. Failure: Unable to create default SSLContext
2026-02-13 01:00:31 DEBUG org.mongodb.driver.cluster - Updating cluster description to  {type=REPLICA_SET, servers=[{address=docdb-2026-01-06-06-21-53.cfocyuk6aet4.ap-south-1.docdb.amazonaws.com:27017, type=UNKNOWN, state=CONNECTING, exception={com.mongodb.MongoClientException: Unable to create default SSLContext}, caused by {java.security.NoSuchAlgorithmException: Error constructing implementation (algorithm: Default, provider: SunJSSE, class: sun.security.ssl.SSLContextImpl$DefaultSSLContext)}, caused by {java.security.KeyStoreException: problem accessing trust store}, caused by {java.io.IOException: Keystore was tampered with, or password was incorrect}, caused by {java.security.UnrecoverableKeyException: Password verification failed}}]
2026-02-13 01:00:32 DEBUG org.mongodb.driver.cluster - Checking status of docdb-2026-01-06-06-21-53.cfocyuk6aet4.ap-south-1.docdb.amazonaws.com:27017
2026-02-13 01:00:32 DEBUG org.mongodb.driver.cluster - Heartbeat started for docdb-2026-01-06-06-21-53.cfocyuk6aet4.ap-south-1.docdb.amazonaws.com:27017 on connection with driver-generated ID 116 and server-generated ID null in topology with ID ClusterId{value='698e2a0841cef8246b179470', description='null'}. Awaited: false
2026-02-13 01:00:32 DEBUG org.mongodb.driver.cluster - Heartbeat failed in 1 ms for docdb-2026-01-06-06-21-53.cfocyuk6aet4.ap-south-1.docdb.amazonaws.com:27017 on connection with driver-generated ID 116 and server-generated ID null in topology with ID ClusterId{value='698e2a0841cef8246b179470', description='null'}. Awaited: false. Failure: Unable to create default SSLContext
2026-02-13 01:00:32 DEBUG org.mongodb.driver.cluster - Updating cluster description to  {type=REPLICA_SET, servers=[{address=docdb-2026-01-06-06-21-53.cfocyuk6aet4.ap-south-1.docdb.amazonaws.com:27017, type=UNKNOWN, state=CONNECTING, exception={com.mongodb.MongoClientException: Unable to create default SSLContext}, caused by {java.security.NoSuchAlgorithmException: Error constructing implementation (algorithm: Default, provider: SunJSSE, class: sun.security.ssl.SSLContextImpl$DefaultSSLContext)}, caused by {java.security.KeyStoreException: problem accessing trust store}, caused by {java.io.IOException: Keystore was tampered with, or password was incorrect}, caused by {java.security.UnrecoverableKeyException: Password verification failed}}]
2026-02-13 01:00:32 DEBUG org.mongodb.driver.cluster - Server selection failed for operation aggregate with ID 60. Failure: com.mongodb.MongoTimeoutException: Timed out while waiting for a suitable server. Selector: ReadPreferenceServerSelector{readPreference=ReadPreference{name=secondaryPreferred, hedgeOptions=null}}, topology description: {type=REPLICA_SET, servers=[{address=docdb-2026-01-06-06-21-53.cfocyuk6aet4.ap-south-1.docdb.amazonaws.com:27017, type=UNKNOWN, state=CONNECTING, exception={com.mongodb.MongoClientException: Unable to create default SSLContext}, caused by {java.security.NoSuchAlgorithmException: Error constructing implementation (algorithm: Default, provider: SunJSSE, class: sun.security.ssl.SSLContextImpl$DefaultSSLContext)}, caused by {java.security.KeyStoreException: problem accessing trust store}, caused by {java.io.IOException: Keystore was tampered with, or password was incorrect}, caused by {java.security.UnrecoverableKeyException: Password verification failed}}]
2026-02-13 01:00:32 DEBUG org.mongodb.driver.operation - Unable to retry an operation due to the error "com.mongodb.MongoTimeoutException: Timed out while waiting for a server that matches ReadPreferenceServerSelector{readPreference=ReadPreference{name=secondaryPreferred, hedgeOptions=null}}. Client view of cluster state is {type=REPLICA_SET, servers=[{address=docdb-2026-01-06-06-21-53.cfocyuk6aet4.ap-south-1.docdb.amazonaws.com:27017, type=UNKNOWN, state=CONNECTING, exception={com.mongodb.MongoClientException: Unable to create default SSLContext}, caused by {java.security.NoSuchAlgorithmException: Error constructing implementation (algorithm: Default, provider: SunJSSE, class: sun.security.ssl.SSLContextImpl$DefaultSSLContext)}, caused by {java.security.KeyStoreException: problem accessing trust store}, caused by {java.io.IOException: Keystore was tampered with, or password was incorrect}, caused by {java.security.UnrecoverableKeyException: Password verification failed}}]"
2026-02-13 01:00:32 INFO  com.ess.mongoexp.App - com.mongodb.MongoTimeoutException: Timed out while waiting for a server that matches ReadPreferenceServerSelector{readPreference=ReadPreference{name=secondaryPreferred, hedgeOptions=null}}. Client view of cluster state is {type=REPLICA_SET, servers=[{address=docdb-2026-01-06-06-21-53.cfocyuk6aet4.ap-south-1.docdb.amazonaws.com:27017, type=UNKNOWN, state=CONNECTING, exception={com.mongodb.MongoClientException: Unable to create default SSLContext}, caused by {java.security.NoSuchAlgorithmException: Error constructing implementation (algorithm: Default, provider: SunJSSE, class: sun.security.ssl.SSLContextImpl$DefaultSSLContext)}, caused by {java.security.KeyStoreException: problem accessing trust store}, caused by {java.io.IOException: Keystore was tampered with, or password was incorrect}, caused by {java.security.UnrecoverableKeyException: Password verification failed}}]
2026-02-13 01:00:42 DEBUG org.mongodb.driver.cluster - Checking status of docdb-2026-01-06-06-21-53.cfocyuk6aet4.ap-south-1.docdb.amazonaws.com:27017
2026-02-13 01:00:42 DEBUG org.mongodb.driver.cluster - Heartbeat started for docdb-2026-01-06-06-21-53.cfocyuk6aet4.ap-south-1.docdb.amazonaws.com:27017 on connection with driver-generated ID 117 and server-generated ID null in topology with ID ClusterId{value='698e2a0841cef8246b179470', description='null'}. Awaited: false
2026-02-13 01:00:42 DEBUG org.mongodb.driver.cluster - Heartbeat failed in 0 ms for docdb-2026-01-06-06-21-53.cfocyuk6aet4.ap-south-1.docdb.amazonaws.com:27017 on connection with driver-generated ID 117 and server-generated ID null in topology with ID ClusterId{value='698e2a0841cef8246b179470', description='null'}. Awaited: false. Failure: Unable to create default SSLContext
2026-02-13 01:00:42 DEBUG org.mongodb.driver.cluster - Updating cluster description to  {type=REPLICA_SET, servers=[{address=docdb-2026-01-06-06-21-53.cfocyuk6aet4.ap-south-1.docdb.amazonaws.com:27017, type=UNKNOWN, state=CONNECTING, exception={com.mongodb.MongoClientException: Unable to create default SSLContext}, caused by {java.security.NoSuchAlgorithmException: Error constructing implementation (algorithm: Default, provider: SunJSSE, class: sun.security.ssl.SSLContextImpl$DefaultSSLContext)}, caused by {java.security.KeyStoreException: problem accessing trust store}, caused by {java.io.IOException: Keystore was tampered with, or password was incorrect}, caused by {java.security.UnrecoverableKeyException: Password verification failed}}]
